minutes:seconds,run_1_gold,run_1_goldMine,run_2_gold,run_2_goldMine,run_3_gold,run_3_goldMine,run_4_gold,run_4_goldMine,run_5_gold,run_5_goldMine
0:01,280.0,0.0,130.0,1.0,130.0,1.0,130.0,1.0,130.0,1.0
0:02,285.0,0.0,136.0,1.0,136.0,1.0,136.0,1.0,136.0,1.0
0:03,290.0,0.0,141.0,1.0,141.0,1.0,141.0,1.0,141.0,1.0
0:04,295.0,0.0,147.0,1.0,147.0,1.0,147.0,1.0,147.0,1.0
0:05,300.0,0.0,152.0,1.0,152.0,1.0,152.0,1.0,152.0,1.0
0:06,305.0,0.0,158.0,1.0,158.0,1.0,158.0,1.0,158.0,1.0
0:07,310.0,0.0,163.0,1.0,163.0,1.0,163.0,1.0,163.0,1.0
0:08,315.0,0.0,169.0,1.0,169.0,1.0,169.0,1.0,169.0,1.0
0:09,320.0,0.0,174.0,1.0,174.0,1.0,174.0,1.0,174.0,1.0
0:10,325.0,0.0,180.0,1.0,180.0,1.0,180.0,1.0,180.0,1.0
0:11,330.0,0.0,185.0,1.0,185.0,1.0,185.0,1.0,185.0,1.0
0:12,335.0,0.0,191.0,1.0,191.0,1.0,191.0,1.0,191.0,1.0
0:13,340.0,0.0,196.0,1.0,196.0,1.0,196.0,1.0,196.0,1.0
0:14,345.0,0.0,202.0,1.0,202.0,1.0,202.0,1.0,202.0,1.0
0:15,350.0,0.0,207.0,1.0,207.0,1.0,207.0,1.0,207.0,1.0
0:16,355.0,0.0,213.0,1.0,213.0,1.0,213.0,1.0,213.0,1.0
0:17,360.0,0.0,218.0,1.0,218.0,1.0,218.0,1.0,218.0,1.0
0:18,365.0,0.0,224.0,1.0,224.0,1.0,224.0,1.0,224.0,1.0
0:19,370.0,0.0,229.0,1.0,229.0,1.0,229.0,1.0,229.0,1.0
0:20,375.0,0.0,235.0,1.0,235.0,1.0,235.0,1.0,235.0,1.0
0:21,380.0,0.0,240.0,1.0,240.0,1.0,240.0,1.0,240.0,1.0
0:22,385.0,0.0,246.0,1.0,246.0,1.0,246.0,1.0,246.0,1.0
0:23,390.0,0.0,251.0,1.0,251.0,1.0,251.0,1.0,251.0,1.0
0:24,395.0,0.0,257.0,1.0,257.0,1.0,257.0,1.0,257.0,1.0
0:25,400.0,0.0,262.0,1.0,262.0,1.0,262.0,1.0,262.0,1.0
0:26,405.0,0.0,268.0,1.0,268.0,1.0,268.0,1.0,268.0,1.0
0:27,410.0,0.0,273.0,1.0,273.0,1.0,273.0,1.0,273.0,1.0
0:28,415.0,0.0,279.0,1.0,279.0,1.0,279.0,1.0,279.0,1.0
0:29,420.0,0.0,284.0,1.0,284.0,1.0,284.0,1.0,284.0,1.0
0:30,425.0,0.0,290.0,1.0,290.0,1.0,290.0,1.0,290.0,1.0
0:31,430.0,0.0,295.0,1.0,295.0,1.0,295.0,1.0,295.0,1.0
0:32,435.0,0.0,301.0,1.0,301.0,1.0,301.0,1.0,301.0,1.0
0:33,440.0,0.0,306.0,1.0,306.0,1.0,306.0,1.0,306.0,1.0
0:34,445.0,0.0,312.0,1.0,312.0,1.0,312.0,1.0,312.0,1.0
0:35,450.0,0.0,317.0,1.0,317.0,1.0,317.0,1.0,317.0,1.0
0:36,455.0,0.0,323.0,1.0,323.0,1.0,323.0,1.0,323.0,1.0
0:37,460.0,0.0,328.0,1.0,328.0,1.0,328.0,1.0,328.0,1.0
0:38,465.0,0.0,334.0,1.0,334.0,1.0,334.0,1.0,334.0,1.0
0:39,470.0,0.0,339.0,1.0,339.0,1.0,339.0,1.0,339.0,1.0
0:40,475.0,0.0,345.0,1.0,345.0,1.0,345.0,1.0,345.0,1.0
0:41,480.0,0.0,350.0,1.0,350.0,1.0,350.0,1.0,350.0,1.0
0:42,485.0,0.0,356.0,1.0,356.0,1.0,356.0,1.0,356.0,1.0
0:43,490.0,0.0,361.0,1.0,361.0,1.0,361.0,1.0,361.0,1.0
0:44,495.0,0.0,367.0,1.0,367.0,1.0,367.0,1.0,367.0,1.0
0:45,500.0,0.0,372.0,1.0,372.0,1.0,372.0,1.0,372.0,1.0
0:46,505.0,0.0,378.0,1.0,378.0,1.0,378.0,1.0,378.0,1.0
0:47,510.0,0.0,383.0,1.0,383.0,1.0,383.0,1.0,383.0,1.0
0:48,515.0,0.0,389.0,1.0,389.0,1.0,389.0,1.0,389.0,1.0
0:49,520.0,0.0,394.0,1.0,394.0,1.0,394.0,1.0,394.0,1.0
0:50,525.0,0.0,400.0,1.0,400.0,1.0,400.0,1.0,400.0,1.0
0:51,530.0,0.0,405.0,1.0,405.0,1.0,405.0,1.0,405.0,1.0
0:52,535.0,0.0,411.0,1.0,411.0,1.0,411.0,1.0,411.0,1.0
0:53,540.0,0.0,416.0,1.0,416.0,1.0,416.0,1.0,416.0,1.0
0:54,545.0,0.0,422.0,1.0,422.0,1.0,422.0,1.0,422.0,1.0
0:55,550.0,0.0,427.0,1.0,427.0,1.0,427.0,1.0,427.0,1.0
0:56,555.0,0.0,433.0,1.0,433.0,1.0,433.0,1.0,433.0,1.0
0:57,560.0,0.0,438.0,1.0,438.0,1.0,438.0,1.0,438.0,1.0
0:58,565.0,0.0,444.0,1.0,444.0,1.0,444.0,1.0,444.0,1.0
0:59,570.0,0.0,449.0,1.0,449.0,1.0,449.0,1.0,449.0,1.0
1:00,575.0,0.0,455.0,1.0,455.0,1.0,455.0,1.0,455.0,1.0
1:01,580.0,0.0,460.0,1.0,460.0,1.0,460.0,1.0,460.0,1.0
1:02,585.0,0.0,466.0,1.0,466.0,1.0,466.0,1.0,466.0,1.0
1:03,590.0,0.0,471.0,1.0,471.0,1.0,471.0,1.0,471.0,1.0
1:04,595.0,0.0,477.0,1.0,477.0,1.0,477.0,1.0,477.0,1.0
1:05,600.0,0.0,482.0,1.0,482.0,1.0,482.0,1.0,482.0,1.0
1:06,605.0,0.0,488.0,1.0,488.0,1.0,488.0,1.0,488.0,1.0
1:07,610.0,0.0,493.0,1.0,493.0,1.0,493.0,1.0,493.0,1.0
1:08,615.0,0.0,499.0,1.0,499.0,1.0,499.0,1.0,499.0,1.0
1:09,620.0,0.0,504.0,1.0,504.0,1.0,504.0,1.0,504.0,1.0
1:10,625.0,0.0,510.0,1.0,510.0,1.0,510.0,1.0,510.0,1.0
1:11,630.0,0.0,515.0,1.0,515.0,1.0,515.0,1.0,515.0,1.0
1:12,635.0,0.0,521.0,1.0,521.0,1.0,521.0,1.0,521.0,1.0
1:13,640.0,0.0,526.0,1.0,526.0,1.0,526.0,1.0,526.0,1.0
1:14,645.0,0.0,532.0,1.0,532.0,1.0,532.0,1.0,532.0,1.0
1:15,650.0,0.0,537.0,1.0,537.0,1.0,537.0,1.0,537.0,1.0
1:16,655.0,0.0,543.0,1.0,543.0,1.0,543.0,1.0,543.0,1.0
1:17,660.0,0.0,548.0,1.0,548.0,1.0,548.0,1.0,548.0,1.0
1:18,665.0,0.0,554.0,1.0,554.0,1.0,554.0,1.0,554.0,1.0
1:19,670.0,0.0,559.0,1.0,559.0,1.0,559.0,1.0,559.0,1.0
1:20,675.0,0.0,565.0,1.0,565.0,1.0,565.0,1.0,565.0,1.0
1:21,680.0,0.0,570.0,1.0,570.0,1.0,570.0,1.0,570.0,1.0
1:22,685.0,0.0,576.0,1.0,576.0,1.0,576.0,1.0,576.0,1.0
1:23,690.0,0.0,581.0,1.0,581.0,1.0,581.0,1.0,581.0,1.0
1:24,695.0,0.0,587.0,1.0,587.0,1.0,587.0,1.0,587.0,1.0
1:25,700.0,0.0,592.0,1.0,593.0,1.0,592.0,1.0,592.0,1.0
1:26,705.0,0.0,598.0,1.0,598.0,1.0,598.0,1.0,598.0,1.0
1:27,710.0,0.0,603.0,1.0,604.0,1.0,603.0,1.0,603.0,1.0
1:28,715.0,0.0,609.0,1.0,609.0,1.0,609.0,1.0,609.0,1.0
1:29,720.0,0.0,614.0,1.0,615.0,1.0,614.0,1.0,615.0,1.0
1:30,725.0,0.0,620.0,1.0,620.0,1.0,620.0,1.0,620.0,1.0
1:31,730.0,0.0,626.0,1.0,626.0,1.0,625.0,1.0,626.0,1.0
1:32,735.0,0.0,631.0,1.0,631.0,1.0,631.0,1.0,631.0,1.0
1:33,740.0,0.0,637.0,1.0,637.0,1.0,637.0,1.0,637.0,1.0
1:34,745.0,0.0,642.0,1.0,642.0,1.0,642.0,1.0,642.0,1.0
1:35,750.0,0.0,648.0,1.0,648.0,1.0,648.0,1.0,648.0,1.0
1:36,755.0,0.0,653.0,1.0,653.0,1.0,653.0,1.0,653.0,1.0
1:37,760.0,0.0,659.0,1.0,659.0,1.0,659.0,1.0,659.0,1.0
1:38,765.0,0.0,664.0,1.0,664.0,1.0,664.0,1.0,664.0,1.0
1:39,770.0,0.0,670.0,1.0,670.0,1.0,670.0,1.0,670.0,1.0
1:40,775.0,0.0,675.0,1.0,675.0,1.0,675.0,1.0,675.0,1.0
1:41,780.0,0.0,681.0,1.0,681.0,1.0,681.0,1.0,681.0,1.0
1:42,785.0,0.0,686.0,1.0,686.0,1.0,686.0,1.0,686.0,1.0
1:43,790.0,0.0,692.0,1.0,692.0,1.0,692.0,1.0,692.0,1.0
1:44,795.0,0.0,697.0,1.0,697.0,1.0,697.0,1.0,697.0,1.0
1:45,800.0,0.0,703.0,1.0,703.0,1.0,703.0,1.0,703.0,1.0
1:46,805.0,0.0,708.0,1.0,708.0,1.0,708.0,1.0,708.0,1.0
1:47,810.0,0.0,714.0,1.0,714.0,1.0,714.0,1.0,714.0,1.0
1:48,815.0,0.0,719.0,1.0,719.0,1.0,719.0,1.0,719.0,1.0
1:49,820.0,0.0,725.0,1.0,725.0,1.0,725.0,1.0,725.0,1.0
1:50,825.0,0.0,730.0,1.0,730.0,1.0,730.0,1.0,730.0,1.0
1:51,830.0,0.0,736.0,1.0,736.0,1.0,736.0,1.0,736.0,1.0
1:52,835.0,0.0,741.0,1.0,741.0,1.0,741.0,1.0,741.0,1.0
1:53,840.0,0.0,747.0,1.0,747.0,1.0,747.0,1.0,747.0,1.0
1:54,845.0,0.0,752.0,1.0,752.0,1.0,752.0,1.0,752.0,1.0
1:55,850.0,0.0,758.0,1.0,758.0,1.0,758.0,1.0,758.0,1.0
1:56,855.0,0.0,763.0,1.0,763.0,1.0,763.0,1.0,763.0,1.0
1:57,860.0,0.0,769.0,1.0,769.0,1.0,769.0,1.0,769.0,1.0
1:58,865.0,0.0,774.0,1.0,774.0,1.0,774.0,1.0,774.0,1.0
1:59,870.0,0.0,780.0,1.0,780.0,1.0,780.0,1.0,780.0,1.0
2:00,875.0,0.0,785.0,1.0,785.0,1.0,785.0,1.0,785.0,1.0
2:01,880.0,0.0,791.0,1.0,791.0,1.0,791.0,1.0,791.0,1.0
2:02,885.0,0.0,796.0,1.0,796.0,1.0,796.0,1.0,796.0,1.0
2:03,890.0,0.0,802.0,1.0,802.0,1.0,802.0,1.0,802.0,1.0
2:04,895.0,0.0,807.0,1.0,807.0,1.0,807.0,1.0,807.0,1.0
2:05,900.0,0.0,813.0,1.0,813.0,1.0,813.0,1.0,813.0,1.0
2:06,905.0,0.0,818.0,1.0,818.0,1.0,818.0,1.0,818.0,1.0
2:07,910.0,0.0,824.0,1.0,824.0,1.0,824.0,1.0,824.0,1.0
2:08,915.0,0.0,829.0,1.0,829.0,1.0,829.0,1.0,829.0,1.0
2:09,920.0,0.0,835.0,1.0,835.0,1.0,835.0,1.0,835.0,1.0
2:10,925.0,0.0,840.0,1.0,840.0,1.0,840.0,1.0,840.0,1.0
2:11,930.0,0.0,846.0,1.0,846.0,1.0,846.0,1.0,846.0,1.0
2:12,935.0,0.0,851.0,1.0,851.0,1.0,851.0,1.0,851.0,1.0
2:13,940.0,0.0,857.0,1.0,857.0,1.0,857.0,1.0,857.0,1.0
2:14,945.0,0.0,862.0,1.0,862.0,1.0,862.0,1.0,862.0,1.0
2:15,950.0,0.0,868.0,1.0,868.0,1.0,868.0,1.0,868.0,1.0
2:16,955.0,0.0,873.0,1.0,873.0,1.0,873.0,1.0,873.0,1.0
2:17,960.0,0.0,879.0,1.0,879.0,1.0,879.0,1.0,879.0,1.0
2:18,965.0,0.0,884.0,1.0,884.0,1.0,884.0,1.0,884.0,1.0
2:19,970.0,0.0,890.0,1.0,890.0,1.0,890.0,1.0,890.0,1.0
2:20,975.0,0.0,895.0,1.0,895.0,1.0,895.0,1.0,895.0,1.0
2:21,980.0,0.0,901.0,1.0,901.0,1.0,901.0,1.0,901.0,1.0
2:22,985.0,0.0,906.0,1.0,906.0,1.0,906.0,1.0,906.0,1.0
2:23,990.0,0.0,912.0,1.0,912.0,1.0,912.0,1.0,912.0,1.0
2:24,995.0,0.0,917.0,1.0,917.0,1.0,917.0,1.0,917.0,1.0
2:25,1000.0,0.0,923.0,1.0,923.0,1.0,923.0,1.0,923.0,1.0
2:26,1005.0,0.0,928.0,1.0,928.0,1.0,928.0,1.0,928.0,1.0
2:27,1010.0,0.0,934.0,1.0,934.0,1.0,934.0,1.0,934.0,1.0
2:28,1015.0,0.0,939.0,1.0,939.0,1.0,939.0,1.0,939.0,1.0
2:29,1020.0,0.0,945.0,1.0,945.0,1.0,945.0,1.0,945.0,1.0
2:30,1025.0,0.0,950.0,1.0,950.0,1.0,950.0,1.0,950.0,1.0
2:31,1030.0,0.0,956.0,1.0,956.0,1.0,956.0,1.0,956.0,1.0
2:32,1035.0,0.0,961.0,1.0,961.0,1.0,961.0,1.0,961.0,1.0
2:33,1040.0,0.0,967.0,1.0,967.0,1.0,967.0,1.0,967.0,1.0
2:34,1045.0,0.0,972.0,1.0,972.0,1.0,972.0,1.0,972.0,1.0
2:35,1050.0,0.0,978.0,1.0,978.0,1.0,978.0,1.0,978.0,1.0
2:36,1055.0,0.0,983.0,1.0,983.0,1.0,983.0,1.0,983.0,1.0
2:37,1060.0,0.0,989.0,1.0,989.0,1.0,989.0,1.0,989.0,1.0
2:38,1065.0,0.0,994.0,1.0,994.0,1.0,994.0,1.0,994.0,1.0
2:39,1070.0,0.0,1000.0,1.0,1000.0,1.0,1000.0,1.0,1000.0,1.0
2:40,1075.0,0.0,1005.0,1.0,1005.0,1.0,1005.0,1.0,1005.0,1.0
2:41,1080.0,0.0,1011.0,1.0,1011.0,1.0,1011.0,1.0,1011.0,1.0
2:42,1085.0,0.0,1016.0,1.0,1016.0,1.0,1016.0,1.0,1016.0,1.0
2:43,1090.0,0.0,1022.0,1.0,1022.0,1.0,1022.0,1.0,1022.0,1.0
2:44,1095.0,0.0,1027.0,1.0,1027.0,1.0,1027.0,1.0,1027.0,1.0
2:45,1100.0,0.0,1033.0,1.0,1033.0,1.0,1033.0,1.0,1033.0,1.0
2:46,1105.0,0.0,1038.0,1.0,1038.0,1.0,1038.0,1.0,1038.0,1.0
2:47,1110.0,0.0,1044.0,1.0,1044.0,1.0,1044.0,1.0,1044.0,1.0
2:48,1115.0,0.0,1049.0,1.0,1049.0,1.0,1049.0,1.0,1049.0,1.0
2:49,1120.0,0.0,1055.0,1.0,1055.0,1.0,1055.0,1.0,1055.0,1.0
2:50,1125.0,0.0,1060.0,1.0,1060.0,1.0,1060.0,1.0,1060.0,1.0
2:51,1130.0,0.0,1066.0,1.0,1066.0,1.0,1066.0,1.0,1066.0,1.0
2:52,1135.0,0.0,1071.0,1.0,1071.0,1.0,1071.0,1.0,1071.0,1.0
2:53,1140.0,0.0,1077.0,1.0,1077.0,1.0,1077.0,1.0,1077.0,1.0
2:54,1145.0,0.0,1082.0,1.0,1083.0,1.0,1082.0,1.0,1082.0,1.0
2:55,1150.0,0.0,1088.0,1.0,1088.0,1.0,1088.0,1.0,1088.0,1.0
2:56,1155.0,0.0,1093.0,1.0,1094.0,1.0,1093.0,1.0,1093.0,1.0
2:57,1160.0,0.0,1099.0,1.0,1099.0,1.0,1099.0,1.0,1099.0,1.0
2:58,1165.0,0.0,1104.0,1.0,1105.0,1.0,1104.0,1.0,1104.0,1.0
2:59,1170.0,0.0,1110.0,1.0,1110.0,1.0,1110.0,1.0,1110.0,1.0
3:00,1175.0,0.0,1115.0,1.0,916.0,2.0,916.0,2.0,916.0,2.0
3:01,1180.0,0.0,1121.0,1.0,922.0,2.0,922.0,2.0,922.0,2.0
3:02,1185.0,0.0,1127.0,1.0,928.0,2.0,928.0,2.0,928.0,2.0
3:03,1190.0,0.0,1132.0,1.0,934.0,2.0,934.0,2.0,934.0,2.0
3:04,1195.0,0.0,1138.0,1.0,940.0,2.0,940.0,2.0,940.0,2.0
3:05,1200.0,0.0,1143.0,1.0,946.0,2.0,946.0,2.0,946.0,2.0
3:06,1205.0,0.0,1149.0,1.0,952.0,2.0,952.0,2.0,952.0,2.0
3:07,1210.0,0.0,1154.0,1.0,958.0,2.0,958.0,2.0,958.0,2.0
3:08,1215.0,0.0,1160.0,1.0,964.0,2.0,964.0,2.0,964.0,2.0
3:09,1220.0,0.0,1165.0,1.0,970.0,2.0,970.0,2.0,970.0,2.0
3:10,1225.0,0.0,1171.0,1.0,976.0,2.0,976.0,2.0,976.0,2.0
3:11,1230.0,0.0,1176.0,1.0,982.0,2.0,982.0,2.0,982.0,2.0
3:12,1235.0,0.0,1182.0,1.0,988.0,2.0,988.0,2.0,988.0,2.0
3:13,1240.0,0.0,1187.0,1.0,994.0,2.0,994.0,2.0,994.0,2.0
3:14,1245.0,0.0,1193.0,1.0,1000.0,2.0,1000.0,2.0,1000.0,2.0
3:15,1251.0,0.0,1198.0,1.0,1006.0,2.0,1006.0,2.0,1006.0,2.0
3:16,1256.0,0.0,1204.0,1.0,1012.0,2.0,1012.0,2.0,1012.0,2.0
3:17,1261.0,0.0,1209.0,1.0,1018.0,2.0,1018.0,2.0,1018.0,2.0
3:18,1266.0,0.0,1215.0,1.0,1024.0,2.0,1024.0,2.0,1024.0,2.0
3:19,1271.0,0.0,1220.0,1.0,1030.0,2.0,1030.0,2.0,1030.0,2.0
3:20,1276.0,0.0,1226.0,1.0,1036.0,2.0,1036.0,2.0,1036.0,2.0
3:21,1281.0,0.0,1231.0,1.0,1042.0,2.0,1042.0,2.0,1042.0,2.0
3:22,1286.0,0.0,1237.0,1.0,1048.0,2.0,1048.0,2.0,1048.0,2.0
3:23,1291.0,0.0,1242.0,1.0,1054.0,2.0,1054.0,2.0,1054.0,2.0
3:24,1296.0,0.0,1248.0,1.0,1060.0,2.0,1060.0,2.0,1060.0,2.0
3:25,1301.0,0.0,1253.0,1.0,1066.0,2.0,1066.0,2.0,1066.0,2.0
3:26,1306.0,0.0,1259.0,1.0,1072.0,2.0,1072.0,2.0,1072.0,2.0
3:27,1311.0,0.0,1264.0,1.0,1078.0,2.0,1078.0,2.0,1078.0,2.0
3:28,1316.0,0.0,1270.0,1.0,1084.0,2.0,1084.0,2.0,1084.0,2.0
3:29,1321.0,0.0,1275.0,1.0,1090.0,2.0,1090.0,2.0,1090.0,2.0
3:30,1326.0,0.0,1281.0,1.0,1096.0,2.0,1096.0,2.0,1096.0,2.0
3:31,1331.0,0.0,1286.0,1.0,1102.0,2.0,1102.0,2.0,1102.0,2.0
3:32,1336.0,0.0,1292.0,1.0,1108.0,2.0,1108.0,2.0,1108.0,2.0
3:33,1341.0,0.0,1297.0,1.0,1114.0,2.0,1114.0,2.0,1114.0,2.0
3:34,1346.0,0.0,1303.0,1.0,1120.0,2.0,1120.0,2.0,1120.0,2.0
3:35,1351.0,0.0,1308.0,1.0,1126.0,2.0,1126.0,2.0,1126.0,2.0
3:36,1356.0,0.0,1314.0,1.0,1132.0,2.0,1132.0,2.0,1132.0,2.0
3:37,1361.0,0.0,1319.0,1.0,1138.0,2.0,1138.0,2.0,1138.0,2.0
3:38,1366.0,0.0,1325.0,1.0,1144.0,2.0,1144.0,2.0,1144.0,2.0
3:39,1371.0,0.0,1330.0,1.0,1150.0,2.0,1150.0,2.0,1150.0,2.0
3:40,1376.0,0.0,1336.0,1.0,1156.0,2.0,1156.0,2.0,1156.0,2.0
3:41,1381.0,0.0,1341.0,1.0,1162.0,2.0,1162.0,2.0,1162.0,2.0
3:42,1386.0,0.0,1347.0,1.0,1168.0,2.0,1168.0,2.0,1168.0,2.0
3:43,1391.0,0.0,1352.0,1.0,1174.0,2.0,1174.0,2.0,1174.0,2.0
3:44,1396.0,0.0,1358.0,1.0,1180.0,2.0,1180.0,2.0,1180.0,2.0
3:45,1401.0,0.0,1363.0,1.0,1186.0,2.0,1186.0,2.0,1186.0,2.0
3:46,1406.0,0.0,1369.0,1.0,1192.0,2.0,1192.0,2.0,1192.0,2.0
3:47,1411.0,0.0,1374.0,1.0,1198.0,2.0,1198.0,2.0,1198.0,2.0
3:48,1416.0,0.0,1380.0,1.0,1204.0,2.0,1204.0,2.0,1204.0,2.0
3:49,1421.0,0.0,1385.0,1.0,1210.0,2.0,1210.0,2.0,1210.0,2.0
3:50,1426.0,0.0,1391.0,1.0,1216.0,2.0,1216.0,2.0,1216.0,2.0
3:51,1431.0,0.0,1396.0,1.0,1222.0,2.0,1222.0,2.0,1222.0,2.0
3:52,1436.0,0.0,1402.0,1.0,1228.0,2.0,1228.0,2.0,1228.0,2.0
3:53,1441.0,0.0,1407.0,1.0,1234.0,2.0,1234.0,2.0,1234.0,2.0
3:54,1446.0,0.0,1413.0,1.0,1240.0,2.0,1240.0,2.0,1240.0,2.0
3:55,1451.0,0.0,1418.0,1.0,1246.0,2.0,1246.0,2.0,1246.0,2.0
3:56,1456.0,0.0,1424.0,1.0,1252.0,2.0,1252.0,2.0,1252.0,2.0
3:57,1461.0,0.0,1429.0,1.0,1258.0,2.0,1258.0,2.0,1258.0,2.0
3:58,1466.0,0.0,1435.0,1.0,1264.0,2.0,1264.0,2.0,1264.0,2.0
3:59,1471.0,0.0,1440.0,1.0,1270.0,2.0,1270.0,2.0,1270.0,2.0
4:00,1476.0,0.0,1446.0,1.0,1276.0,2.0,1276.0,2.0,1276.0,2.0
4:01,1481.0,0.0,1451.0,1.0,1282.0,2.0,1282.0,2.0,1282.0,2.0
4:02,1486.0,0.0,1457.0,1.0,1288.0,2.0,1288.0,2.0,1288.0,2.0
4:03,1491.0,0.0,1462.0,1.0,1294.0,2.0,1294.0,2.0,1294.0,2.0
4:04,1496.0,0.0,1468.0,1.0,1300.0,2.0,1300.0,2.0,1300.0,2.0
4:05,1501.0,0.0,1473.0,1.0,1306.0,2.0,1306.0,2.0,1306.0,2.0
4:06,1506.0,0.0,1479.0,1.0,1312.0,2.0,1312.0,2.0,1312.0,2.0
4:07,1511.0,0.0,1484.0,1.0,1318.0,2.0,1318.0,2.0,1318.0,2.0
4:08,1516.0,0.0,1490.0,1.0,1324.0,2.0,1324.0,2.0,1324.0,2.0
4:09,1521.0,0.0,1495.0,1.0,1330.0,2.0,1330.0,2.0,1330.0,2.0
4:10,1526.0,0.0,1501.0,1.0,1336.0,2.0,1336.0,2.0,1336.0,2.0
4:11,1531.0,0.0,1506.0,1.0,1342.0,2.0,1342.0,2.0,1342.0,2.0
4:12,1536.0,0.0,1512.0,1.0,1348.0,2.0,1348.0,2.0,1348.0,2.0
4:13,1541.0,0.0,1517.0,1.0,1354.0,2.0,1354.0,2.0,1354.0,2.0
4:14,1546.0,0.0,1523.0,1.0,1361.0,2.0,1360.0,2.0,1360.0,2.0
4:15,1551.0,0.0,1528.0,1.0,1367.0,2.0,1366.0,2.0,1366.0,2.0
4:16,1556.0,0.0,1534.0,1.0,1373.0,2.0,1372.0,2.0,1372.0,2.0
4:17,1561.0,0.0,1539.0,1.0,1379.0,2.0,1378.0,2.0,1378.0,2.0
4:18,1566.0,0.0,1545.0,1.0,1385.0,2.0,1384.0,2.0,1384.0,2.0
4:19,1571.0,0.0,1550.0,1.0,1391.0,2.0,1390.0,2.0,1390.0,2.0
4:20,1576.0,0.0,1556.0,1.0,1397.0,2.0,1396.0,2.0,1396.0,2.0
4:21,1581.0,0.0,1561.0,1.0,1403.0,2.0,1402.0,2.0,1402.0,2.0
4:22,1586.0,0.0,1567.0,1.0,1409.0,2.0,1409.0,2.0,1408.0,2.0
4:23,1591.0,0.0,1572.0,1.0,1415.0,2.0,1415.0,2.0,1414.0,2.0
4:24,1596.0,0.0,1578.0,1.0,1421.0,2.0,1421.0,2.0,1421.0,2.0
4:25,1601.0,0.0,1583.0,1.0,1427.0,2.0,1427.0,2.0,1427.0,2.0
4:26,1606.0,0.0,1589.0,1.0,1433.0,2.0,1433.0,2.0,1433.0,2.0
4:27,1611.0,0.0,1594.0,1.0,1439.0,2.0,1439.0,2.0,1439.0,2.0
4:28,1616.0,0.0,1600.0,1.0,1445.0,2.0,1445.0,2.0,1445.0,2.0
4:29,1621.0,0.0,1605.0,1.0,1451.0,2.0,1451.0,2.0,1451.0,2.0
4:30,1626.0,0.0,1611.0,1.0,1457.0,2.0,1457.0,2.0,1457.0,2.0
4:31,1631.0,0.0,1616.0,1.0,1463.0,2.0,1463.0,2.0,1463.0,2.0
4:32,1636.0,0.0,1622.0,1.0,1469.0,2.0,1469.0,2.0,1469.0,2.0
4:33,1641.0,0.0,1628.0,1.0,1475.0,2.0,1475.0,2.0,1475.0,2.0
4:34,1646.0,0.0,1633.0,1.0,1481.0,2.0,1481.0,2.0,1481.0,2.0
4:35,1651.0,0.0,1639.0,1.0,1487.0,2.0,1487.0,2.0,1487.0,2.0
4:36,1656.0,0.0,1644.0,1.0,1493.0,2.0,1493.0,2.0,1493.0,2.0
4:37,1661.0,0.0,1650.0,1.0,1499.0,2.0,1499.0,2.0,1499.0,2.0
4:38,1666.0,0.0,1655.0,1.0,1505.0,2.0,1505.0,2.0,1505.0,2.0
4:39,1671.0,0.0,1661.0,1.0,1511.0,2.0,1511.0,2.0,1511.0,2.0
4:40,1676.0,0.0,1666.0,1.0,1517.0,2.0,1517.0,2.0,1517.0,2.0
4:41,1681.0,0.0,1672.0,1.0,1523.0,2.0,1523.0,2.0,1523.0,2.0
4:42,1686.0,0.0,1677.0,1.0,1529.0,2.0,1529.0,2.0,1529.0,2.0
4:43,1691.0,0.0,1683.0,1.0,1535.0,2.0,1535.0,2.0,1535.0,2.0
4:44,1696.0,0.0,1688.0,1.0,1541.0,2.0,1541.0,2.0,1541.0,2.0
4:45,1701.0,0.0,1694.0,1.0,1547.0,2.0,1547.0,2.0,1547.0,2.0
4:46,1706.0,0.0,1699.0,1.0,1553.0,2.0,1553.0,2.0,1553.0,2.0
4:47,1711.0,0.0,1705.0,1.0,1559.0,2.0,1559.0,2.0,1559.0,2.0
4:48,1716.0,0.0,1710.0,1.0,1565.0,2.0,1565.0,2.0,1565.0,2.0
4:49,1721.0,0.0,1716.0,1.0,1571.0,2.0,1571.0,2.0,1571.0,2.0
4:50,1726.0,0.0,1721.0,1.0,1577.0,2.0,1577.0,2.0,1577.0,2.0
4:51,1731.0,0.0,1727.0,1.0,1583.0,2.0,1583.0,2.0,1583.0,2.0
4:52,1736.0,0.0,1732.0,1.0,1589.0,2.0,1589.0,2.0,1589.0,2.0
4:53,1741.0,0.0,1738.0,1.0,1595.0,2.0,1595.0,2.0,1595.0,2.0
4:54,1746.0,0.0,1743.0,1.0,1601.0,2.0,1601.0,2.0,1601.0,2.0
4:55,1751.0,0.0,1749.0,1.0,1607.0,2.0,1607.0,2.0,1607.0,2.0
4:56,1756.0,0.0,1754.0,1.0,1613.0,2.0,1613.0,2.0,1613.0,2.0
4:57,1761.0,0.0,1760.0,1.0,1619.0,2.0,1619.0,2.0,1619.0,2.0
4:58,1766.0,0.0,1765.0,1.0,1625.0,2.0,1625.0,2.0,1625.0,2.0
4:59,1771.0,0.0,1771.0,1.0,1631.0,2.0,1631.0,2.0,1631.0,2.0
5:00,1776.0,0.0,1776.0,1.0,1637.0,2.0,1387.0,3.0,1387.0,3.0
5:01,1781.0,0.0,1782.0,1.0,1643.0,2.0,1394.0,3.0,1394.0,3.0
5:02,1786.0,0.0,1787.0,1.0,1649.0,2.0,1400.0,3.0,1400.0,3.0
5:03,1791.0,0.0,1793.0,1.0,1655.0,2.0,1407.0,3.0,1407.0,3.0
5:04,1796.0,0.0,1798.0,1.0,1661.0,2.0,1413.0,3.0,1413.0,3.0
5:05,1801.0,0.0,1804.0,1.0,1667.0,2.0,1420.0,3.0,1420.0,3.0
5:06,1806.0,0.0,1809.0,1.0,1673.0,2.0,1426.0,3.0,1426.0,3.0
5:07,1811.0,0.0,1815.0,1.0,1679.0,2.0,1433.0,3.0,1433.0,3.0
5:08,1816.0,0.0,1820.0,1.0,1685.0,2.0,1439.0,3.0,1439.0,3.0
5:09,1821.0,0.0,1826.0,1.0,1691.0,2.0,1446.0,3.0,1446.0,3.0
5:10,1826.0,0.0,1831.0,1.0,1697.0,2.0,1452.0,3.0,1452.0,3.0
5:11,1831.0,0.0,1837.0,1.0,1703.0,2.0,1459.0,3.0,1459.0,3.0
5:12,1836.0,0.0,1842.0,1.0,1709.0,2.0,1465.0,3.0,1465.0,3.0
5:13,1841.0,0.0,1848.0,1.0,1715.0,2.0,1472.0,3.0,1472.0,3.0
5:14,1846.0,0.0,1853.0,1.0,1721.0,2.0,1478.0,3.0,1478.0,3.0
5:15,1851.0,0.0,1859.0,1.0,1727.0,2.0,1485.0,3.0,1485.0,3.0
5:16,1856.0,0.0,1864.0,1.0,1733.0,2.0,1491.0,3.0,1491.0,3.0
5:17,1861.0,0.0,1870.0,1.0,1739.0,2.0,1498.0,3.0,1498.0,3.0
5:18,1866.0,0.0,1875.0,1.0,1745.0,2.0,1504.0,3.0,1504.0,3.0
5:19,1871.0,0.0,1881.0,1.0,1751.0,2.0,1511.0,3.0,1511.0,3.0
5:20,1876.0,0.0,1886.0,1.0,1757.0,2.0,1517.0,3.0,1517.0,3.0
5:21,1881.0,0.0,1892.0,1.0,1763.0,2.0,1524.0,3.0,1524.0,3.0
5:22,1886.0,0.0,1897.0,1.0,1769.0,2.0,1530.0,3.0,1530.0,3.0
5:23,1891.0,0.0,1903.0,1.0,1775.0,2.0,1537.0,3.0,1537.0,3.0
5:24,1896.0,0.0,1908.0,1.0,1781.0,2.0,1543.0,3.0,1543.0,3.0
5:25,1901.0,0.0,1914.0,1.0,1787.0,2.0,1550.0,3.0,1550.0,3.0
5:26,1906.0,0.0,1919.0,1.0,1793.0,2.0,1556.0,3.0,1556.0,3.0
5:27,1911.0,0.0,1925.0,1.0,1799.0,2.0,1563.0,3.0,1563.0,3.0
5:28,1916.0,0.0,1930.0,1.0,1805.0,2.0,1569.0,3.0,1569.0,3.0
5:29,1921.0,0.0,1936.0,1.0,1811.0,2.0,1576.0,3.0,1576.0,3.0
5:30,1926.0,0.0,1941.0,1.0,1817.0,2.0,1582.0,3.0,1582.0,3.0
5:31,1931.0,0.0,1947.0,1.0,1823.0,2.0,1589.0,3.0,1589.0,3.0
5:32,1936.0,0.0,1952.0,1.0,1829.0,2.0,1595.0,3.0,1595.0,3.0
5:33,1941.0,0.0,1958.0,1.0,1835.0,2.0,1602.0,3.0,1602.0,3.0
5:34,1946.0,0.0,1963.0,1.0,1841.0,2.0,1608.0,3.0,1608.0,3.0
5:35,1951.0,0.0,1969.0,1.0,1847.0,2.0,1615.0,3.0,1615.0,3.0
5:36,1956.0,0.0,1974.0,1.0,1853.0,2.0,1621.0,3.0,1621.0,3.0
5:37,1961.0,0.0,1980.0,1.0,1859.0,2.0,1628.0,3.0,1628.0,3.0
5:38,1966.0,0.0,1985.0,1.0,1865.0,2.0,1634.0,3.0,1634.0,3.0
5:39,1971.0,0.0,1991.0,1.0,1871.0,2.0,1641.0,3.0,1641.0,3.0
5:40,1976.0,0.0,1996.0,1.0,1877.0,2.0,1647.0,3.0,1647.0,3.0
5:41,1981.0,0.0,2002.0,1.0,1883.0,2.0,1654.0,3.0,1654.0,3.0
5:42,1986.0,0.0,2007.0,1.0,1889.0,2.0,1660.0,3.0,1660.0,3.0
5:43,1991.0,0.0,2013.0,1.0,1895.0,2.0,1667.0,3.0,1667.0,3.0
5:44,1996.0,0.0,2018.0,1.0,1901.0,2.0,1673.0,3.0,1674.0,3.0
5:45,2001.0,0.0,2024.0,1.0,1907.0,2.0,1680.0,3.0,1680.0,3.0
5:46,2006.0,0.0,2029.0,1.0,1913.0,2.0,1687.0,3.0,1687.0,3.0
5:47,2011.0,0.0,2035.0,1.0,1919.0,2.0,1693.0,3.0,1693.0,3.0
5:48,2016.0,0.0,2040.0,1.0,1925.0,2.0,1700.0,3.0,1700.0,3.0
5:49,2021.0,0.0,2046.0,1.0,1931.0,2.0,1706.0,3.0,1706.0,3.0
5:50,2026.0,0.0,2051.0,1.0,1937.0,2.0,1713.0,3.0,1713.0,3.0
5:51,2031.0,0.0,2057.0,1.0,1943.0,2.0,1719.0,3.0,1719.0,3.0
5:52,2036.0,0.0,2062.0,1.0,1949.0,2.0,1726.0,3.0,1726.0,3.0
5:53,2041.0,0.0,2068.0,1.0,1955.0,2.0,1732.0,3.0,1732.0,3.0
5:54,2046.0,0.0,2073.0,1.0,1961.0,2.0,1739.0,3.0,1739.0,3.0
5:55,2051.0,0.0,2079.0,1.0,1967.0,2.0,1745.0,3.0,1745.0,3.0
5:56,2056.0,0.0,2084.0,1.0,1973.0,2.0,1752.0,3.0,1752.0,3.0
5:57,2061.0,0.0,2090.0,1.0,1979.0,2.0,1758.0,3.0,1758.0,3.0
5:58,2066.0,0.0,2095.0,1.0,1985.0,2.0,1765.0,3.0,1765.0,3.0
5:59,2071.0,0.0,2101.0,1.0,1991.0,2.0,1771.0,3.0,1771.0,3.0
6:00,2076.0,0.0,2107.0,1.0,1997.0,2.0,1778.0,3.0,1778.0,3.0
6:01,2081.0,0.0,2112.0,1.0,2003.0,2.0,1784.0,3.0,1784.0,3.0
6:02,2086.0,0.0,2118.0,1.0,2009.0,2.0,1791.0,3.0,1791.0,3.0
6:03,2091.0,0.0,2123.0,1.0,2015.0,2.0,1797.0,3.0,1797.0,3.0
6:04,2096.0,0.0,2129.0,1.0,2021.0,2.0,1804.0,3.0,1804.0,3.0
6:05,2101.0,0.0,2134.0,1.0,2027.0,2.0,1810.0,3.0,1810.0,3.0
6:06,2106.0,0.0,2140.0,1.0,2033.0,2.0,1817.0,3.0,1817.0,3.0
6:07,2111.0,0.0,2145.0,1.0,2039.0,2.0,1823.0,3.0,1823.0,3.0
6:08,2116.0,0.0,2151.0,1.0,2045.0,2.0,1830.0,3.0,1830.0,3.0
6:09,2121.0,0.0,2156.0,1.0,2051.0,2.0,1836.0,3.0,1836.0,3.0
6:10,2126.0,0.0,2162.0,1.0,2057.0,2.0,1843.0,3.0,1843.0,3.0
6:11,2131.0,0.0,2167.0,1.0,2063.0,2.0,1849.0,3.0,1849.0,3.0
6:12,2136.0,0.0,2173.0,1.0,2069.0,2.0,1856.0,3.0,1856.0,3.0
6:13,2141.0,0.0,2178.0,1.0,2075.0,2.0,1862.0,3.0,1862.0,3.0
6:14,2146.0,0.0,2184.0,1.0,2081.0,2.0,1869.0,3.0,1869.0,3.0
6:15,2151.0,0.0,2189.0,1.0,2087.0,2.0,1875.0,3.0,1875.0,3.0
6:16,2156.0,0.0,2195.0,1.0,2093.0,2.0,1882.0,3.0,1882.0,3.0
6:17,2161.0,0.0,2200.0,1.0,2099.0,2.0,1888.0,3.0,1888.0,3.0
6:18,2166.0,0.0,2206.0,1.0,2105.0,2.0,1895.0,3.0,1895.0,3.0
6:19,2171.0,0.0,2211.0,1.0,2111.0,2.0,1901.0,3.0,1901.0,3.0
6:20,2176.0,0.0,2217.0,1.0,2117.0,2.0,1908.0,3.0,1908.0,3.0
6:21,2181.0,0.0,2222.0,1.0,2123.0,2.0,1914.0,3.0,1914.0,3.0
6:22,2186.0,0.0,2228.0,1.0,2129.0,2.0,1921.0,3.0,1921.0,3.0
6:23,2191.0,0.0,2233.0,1.0,2135.0,2.0,1927.0,3.0,1927.0,3.0
6:24,2196.0,0.0,2239.0,1.0,2141.0,2.0,1934.0,3.0,1934.0,3.0
6:25,2201.0,0.0,2244.0,1.0,2147.0,2.0,1940.0,3.0,1940.0,3.0
6:26,2206.0,0.0,2250.0,1.0,2153.0,2.0,1947.0,3.0,1947.0,3.0
6:27,2211.0,0.0,2255.0,1.0,2159.0,2.0,1953.0,3.0,1953.0,3.0
6:28,2216.0,0.0,2261.0,1.0,2165.0,2.0,1960.0,3.0,1960.0,3.0
6:29,2222.0,0.0,2266.0,1.0,2171.0,2.0,1966.0,3.0,1966.0,3.0
6:30,2227.0,0.0,2272.0,1.0,2177.0,2.0,1973.0,3.0,1973.0,3.0
6:31,2232.0,0.0,2277.0,1.0,2183.0,2.0,1979.0,3.0,1979.0,3.0
6:32,2237.0,0.0,2283.0,1.0,2189.0,2.0,1986.0,3.0,1986.0,3.0
6:33,2242.0,0.0,2288.0,1.0,2195.0,2.0,1992.0,3.0,1992.0,3.0
6:34,2247.0,0.0,2294.0,1.0,2201.0,2.0,1999.0,3.0,1999.0,3.0
6:35,2252.0,0.0,2299.0,1.0,2207.0,2.0,2005.0,3.0,2005.0,3.0
6:36,2257.0,0.0,2305.0,1.0,2213.0,2.0,2012.0,3.0,2012.0,3.0
6:37,2262.0,0.0,2310.0,1.0,2219.0,2.0,2018.0,3.0,2018.0,3.0
6:38,2267.0,0.0,2316.0,1.0,2225.0,2.0,2025.0,3.0,2025.0,3.0
6:39,2272.0,0.0,2321.0,1.0,2231.0,2.0,2031.0,3.0,2031.0,3.0
6:40,2277.0,0.0,2327.0,1.0,2237.0,2.0,2038.0,3.0,2038.0,3.0
6:41,2282.0,0.0,2332.0,1.0,2243.0,2.0,2044.0,3.0,2044.0,3.0
6:42,2287.0,0.0,2338.0,1.0,2249.0,2.0,2051.0,3.0,2051.0,3.0
6:43,2292.0,0.0,2343.0,1.0,2255.0,2.0,2057.0,3.0,2057.0,3.0
6:44,2297.0,0.0,2349.0,1.0,2261.0,2.0,2064.0,3.0,2064.0,3.0
6:45,2302.0,0.0,2354.0,1.0,2267.0,2.0,2070.0,3.0,2070.0,3.0
6:46,2307.0,0.0,2360.0,1.0,2273.0,2.0,2077.0,3.0,2077.0,3.0
6:47,2312.0,0.0,2365.0,1.0,2279.0,2.0,2083.0,3.0,2083.0,3.0
6:48,2317.0,0.0,2371.0,1.0,2285.0,2.0,2090.0,3.0,2090.0,3.0
6:49,2322.0,0.0,2376.0,1.0,2291.0,2.0,2096.0,3.0,2096.0,3.0
6:50,2327.0,0.0,2382.0,1.0,2297.0,2.0,2103.0,3.0,2103.0,3.0
6:51,2332.0,0.0,2387.0,1.0,2303.0,2.0,2109.0,3.0,2109.0,3.0
6:52,2337.0,0.0,2393.0,1.0,2309.0,2.0,2116.0,3.0,2116.0,3.0
6:53,2342.0,0.0,2398.0,1.0,2316.0,2.0,2122.0,3.0,2122.0,3.0
6:54,2347.0,0.0,2404.0,1.0,2322.0,2.0,2129.0,3.0,2129.0,3.0
6:55,2352.0,0.0,2409.0,1.0,2328.0,2.0,2135.0,3.0,2135.0,3.0
6:56,2357.0,0.0,2415.0,1.0,2334.0,2.0,2142.0,3.0,2142.0,3.0
6:57,2362.0,0.0,2420.0,1.0,2340.0,2.0,2148.0,3.0,2148.0,3.0
6:58,2367.0,0.0,2426.0,1.0,2346.0,2.0,2155.0,3.0,2155.0,3.0
6:59,2372.0,0.0,2431.0,1.0,2352.0,2.0,2162.0,3.0,2161.0,3.0
7:00,2377.0,0.0,2437.0,1.0,2358.0,2.0,2168.0,3.0,2168.0,3.0
7:01,2382.0,0.0,2442.0,1.0,2364.0,2.0,2175.0,3.0,2174.0,3.0
7:02,2387.0,0.0,2448.0,1.0,2370.0,2.0,2181.0,3.0,2181.0,3.0
7:03,2392.0,0.0,2453.0,1.0,2376.0,2.0,2188.0,3.0,2188.0,3.0
7:04,2397.0,0.0,2459.0,1.0,2382.0,2.0,2194.0,3.0,2194.0,3.0
7:05,2402.0,0.0,2464.0,1.0,2388.0,2.0,2201.0,3.0,2201.0,3.0
7:06,2407.0,0.0,2470.0,1.0,2394.0,2.0,2207.0,3.0,2207.0,3.0
7:07,2412.0,0.0,2475.0,1.0,2400.0,2.0,2214.0,3.0,2214.0,3.0
7:08,2417.0,0.0,2481.0,1.0,2406.0,2.0,2220.0,3.0,2220.0,3.0
7:09,2422.0,0.0,2486.0,1.0,2412.0,2.0,2227.0,3.0,2227.0,3.0
7:10,2427.0,0.0,2492.0,1.0,2418.0,2.0,2233.0,3.0,2233.0,3.0
7:11,2432.0,0.0,2497.0,1.0,2424.0,2.0,2240.0,3.0,2240.0,3.0
7:12,2437.0,0.0,2503.0,1.0,2430.0,2.0,2246.0,3.0,2246.0,3.0
7:13,2442.0,0.0,2508.0,1.0,2436.0,2.0,2253.0,3.0,2253.0,3.0
7:14,2447.0,0.0,2514.0,1.0,2442.0,2.0,2259.0,3.0,2259.0,3.0
7:15,2452.0,0.0,2519.0,1.0,2448.0,2.0,2266.0,3.0,2266.0,3.0
7:16,2457.0,0.0,2525.0,1.0,2454.0,2.0,2272.0,3.0,2272.0,3.0
7:17,2462.0,0.0,2530.0,1.0,2460.0,2.0,2279.0,3.0,2279.0,3.0
7:18,2467.0,0.0,2536.0,1.0,2466.0,2.0,2285.0,3.0,2285.0,3.0
7:19,2472.0,0.0,2541.0,1.0,2472.0,2.0,2292.0,3.0,2292.0,3.0
7:20,2477.0,0.0,2547.0,1.0,2478.0,2.0,2298.0,3.0,2298.0,3.0
7:21,2482.0,0.0,2552.0,1.0,2484.0,2.0,2305.0,3.0,2305.0,3.0
7:22,2487.0,0.0,2558.0,1.0,2490.0,2.0,2311.0,3.0,2311.0,3.0
7:23,2492.0,0.0,2563.0,1.0,2496.0,2.0,2318.0,3.0,2318.0,3.0
7:24,2497.0,0.0,2569.0,1.0,2502.0,2.0,2324.0,3.0,2324.0,3.0
7:25,2502.0,0.0,2574.0,1.0,2508.0,2.0,2331.0,3.0,2331.0,3.0
7:26,2507.0,0.0,2580.0,1.0,2514.0,2.0,2337.0,3.0,2337.0,3.0
7:27,2512.0,0.0,2585.0,1.0,2520.0,2.0,2344.0,3.0,2344.0,3.0
7:28,2517.0,0.0,2591.0,1.0,2526.0,2.0,2350.0,3.0,2350.0,3.0
7:29,2522.0,0.0,2596.0,1.0,2532.0,2.0,2357.0,3.0,2357.0,3.0
7:30,2527.0,0.0,2602.0,1.0,2538.0,2.0,2363.0,3.0,2064.0,4.0
7:31,2532.0,0.0,2607.0,1.0,2544.0,2.0,2370.0,3.0,2071.0,4.0
7:32,2537.0,0.0,2613.0,1.0,2550.0,2.0,2376.0,3.0,2078.0,4.0
7:33,2542.0,0.0,2619.0,1.0,2556.0,2.0,2383.0,3.0,2085.0,4.0
7:34,2547.0,0.0,2624.0,1.0,2562.0,2.0,2389.0,3.0,2092.0,4.0
7:35,2552.0,0.0,2630.0,1.0,2568.0,2.0,2396.0,3.0,2099.0,4.0
7:36,2557.0,0.0,2635.0,1.0,2574.0,2.0,2402.0,3.0,2106.0,4.0
7:37,2562.0,0.0,2641.0,1.0,2580.0,2.0,2409.0,3.0,2113.0,4.0
7:38,2567.0,0.0,2646.0,1.0,2586.0,2.0,2415.0,3.0,2120.0,4.0
7:39,2572.0,0.0,2652.0,1.0,2592.0,2.0,2422.0,3.0,2127.0,4.0
7:40,2577.0,0.0,2657.0,1.0,2598.0,2.0,2428.0,3.0,2134.0,4.0
7:41,2582.0,0.0,2663.0,1.0,2604.0,2.0,2435.0,3.0,2141.0,4.0
7:42,2587.0,0.0,2668.0,1.0,2610.0,2.0,2441.0,3.0,2148.0,4.0
7:43,2592.0,0.0,2674.0,1.0,2616.0,2.0,2448.0,3.0,2155.0,4.0
7:44,2597.0,0.0,2679.0,1.0,2622.0,2.0,2454.0,3.0,2162.0,4.0
7:45,2602.0,0.0,2685.0,1.0,2628.0,2.0,2461.0,3.0,2169.0,4.0
7:46,2607.0,0.0,2690.0,1.0,2634.0,2.0,2467.0,3.0,2176.0,4.0
7:47,2612.0,0.0,2696.0,1.0,2640.0,2.0,2474.0,3.0,2183.0,4.0
7:48,2617.0,0.0,2701.0,1.0,2646.0,2.0,2480.0,3.0,2190.0,4.0
7:49,2622.0,0.0,2707.0,1.0,2652.0,2.0,2487.0,3.0,2197.0,4.0
7:50,2627.0,0.0,2712.0,1.0,2658.0,2.0,2493.0,3.0,2204.0,4.0
7:51,2632.0,0.0,2718.0,1.0,2664.0,2.0,2500.0,3.0,2211.0,4.0
7:52,2637.0,0.0,2723.0,1.0,2670.0,2.0,2506.0,3.0,2218.0,4.0
7:53,2642.0,0.0,2729.0,1.0,2676.0,2.0,2513.0,3.0,2225.0,4.0
7:54,2647.0,0.0,2734.0,1.0,2682.0,2.0,2519.0,3.0,2232.0,4.0
7:55,2652.0,0.0,2740.0,1.0,2688.0,2.0,2526.0,3.0,2239.0,4.0
7:56,2657.0,0.0,2745.0,1.0,2694.0,2.0,2532.0,3.0,2246.0,4.0
7:57,2662.0,0.0,2751.0,1.0,2700.0,2.0,2539.0,3.0,2253.0,4.0
7:58,2667.0,0.0,2756.0,1.0,2706.0,2.0,2545.0,3.0,2260.0,4.0
7:59,2672.0,0.0,2762.0,1.0,2712.0,2.0,2552.0,3.0,2267.0,4.0
8:00,2677.0,0.0,2767.0,1.0,2718.0,2.0,2558.0,3.0,2274.0,4.0
8:01,2682.0,0.0,2773.0,1.0,2724.0,2.0,2565.0,3.0,2281.0,4.0
8:02,2687.0,0.0,2778.0,1.0,2730.0,2.0,2571.0,3.0,2288.0,4.0
8:03,2692.0,0.0,2784.0,1.0,2736.0,2.0,2578.0,3.0,2295.0,4.0
8:04,2697.0,0.0,2789.0,1.0,2742.0,2.0,2584.0,3.0,2302.0,4.0
8:05,2702.0,0.0,2795.0,1.0,2748.0,2.0,2591.0,3.0,2309.0,4.0
8:06,2707.0,0.0,2800.0,1.0,2754.0,2.0,2597.0,3.0,2316.0,4.0
8:07,2712.0,0.0,2806.0,1.0,2760.0,2.0,2604.0,3.0,2323.0,4.0
8:08,2717.0,0.0,2811.0,1.0,2766.0,2.0,2610.0,3.0,2330.0,4.0
8:09,2722.0,0.0,2817.0,1.0,2772.0,2.0,2617.0,3.0,2337.0,4.0
8:10,2727.0,0.0,2822.0,1.0,2778.0,2.0,2623.0,3.0,2344.0,4.0
8:11,2732.0,0.0,2828.0,1.0,2784.0,2.0,2630.0,3.0,2351.0,4.0
8:12,2737.0,0.0,2833.0,1.0,2790.0,2.0,2636.0,3.0,2358.0,4.0
8:13,2742.0,0.0,2839.0,1.0,2796.0,2.0,2643.0,3.0,2365.0,4.0
8:14,2747.0,0.0,2844.0,1.0,2802.0,2.0,2649.0,3.0,2372.0,4.0
8:15,2752.0,0.0,2850.0,1.0,2808.0,2.0,2656.0,3.0,2379.0,4.0
8:16,2757.0,0.0,2855.0,1.0,2814.0,2.0,2663.0,3.0,2386.0,4.0
8:17,2762.0,0.0,2861.0,1.0,2820.0,2.0,2669.0,3.0,2393.0,4.0
8:18,2767.0,0.0,2866.0,1.0,2826.0,2.0,2676.0,3.0,2400.0,4.0
8:19,2772.0,0.0,2872.0,1.0,2832.0,2.0,2682.0,3.0,2407.0,4.0
8:20,2777.0,0.0,2877.0,1.0,2838.0,2.0,2689.0,3.0,2414.0,4.0
8:21,2782.0,0.0,2883.0,1.0,2844.0,2.0,2695.0,3.0,2421.0,4.0
8:22,2787.0,0.0,2888.0,1.0,2850.0,2.0,2702.0,3.0,2428.0,4.0
8:23,2792.0,0.0,2894.0,1.0,2856.0,2.0,2708.0,3.0,2435.0,4.0
8:24,2797.0,0.0,2899.0,1.0,2862.0,2.0,2715.0,3.0,2442.0,4.0
8:25,2802.0,0.0,2905.0,1.0,2868.0,2.0,2721.0,3.0,2449.0,4.0
8:26,2807.0,0.0,2910.0,1.0,2874.0,2.0,2728.0,3.0,2456.0,4.0
8:27,2812.0,0.0,2916.0,1.0,2880.0,2.0,2734.0,3.0,2463.0,4.0
8:28,2817.0,0.0,2921.0,1.0,2886.0,2.0,2741.0,3.0,2470.0,4.0
8:29,2822.0,0.0,2927.0,1.0,2892.0,2.0,2747.0,3.0,2477.0,4.0
8:30,2827.0,0.0,2932.0,1.0,2898.0,2.0,2754.0,3.0,2484.0,4.0
8:31,2832.0,0.0,2938.0,1.0,2904.0,2.0,2760.0,3.0,2491.0,4.0
8:32,2837.0,0.0,2943.0,1.0,2910.0,2.0,2767.0,3.0,2498.0,4.0
8:33,2842.0,0.0,2949.0,1.0,2916.0,2.0,2773.0,3.0,2505.0,4.0
8:34,2847.0,0.0,2954.0,1.0,2922.0,2.0,2780.0,3.0,2512.0,4.0
8:35,2852.0,0.0,2960.0,1.0,2928.0,2.0,2786.0,3.0,2519.0,4.0
8:36,2857.0,0.0,2965.0,1.0,2934.0,2.0,2793.0,3.0,2526.0,4.0
8:37,2862.0,0.0,2971.0,1.0,2940.0,2.0,2799.0,3.0,2533.0,4.0
8:38,2867.0,0.0,2976.0,1.0,2946.0,2.0,2806.0,3.0,2540.0,4.0
8:39,2872.0,0.0,2982.0,1.0,2952.0,2.0,2812.0,3.0,2547.0,4.0
8:40,2877.0,0.0,2987.0,1.0,2958.0,2.0,2819.0,3.0,2554.0,4.0
8:41,2882.0,0.0,2993.0,1.0,2964.0,2.0,2825.0,3.0,2561.0,4.0
8:42,2887.0,0.0,2998.0,1.0,2970.0,2.0,2832.0,3.0,2568.0,4.0
8:43,2892.0,0.0,3004.0,1.0,2976.0,2.0,2838.0,3.0,2575.0,4.0
8:44,2897.0,0.0,3009.0,1.0,2982.0,2.0,2845.0,3.0,2582.0,4.0
8:45,2902.0,0.0,3015.0,1.0,2988.0,2.0,2851.0,3.0,2589.0,4.0
8:46,2907.0,0.0,3020.0,1.0,2994.0,2.0,2858.0,3.0,2596.0,4.0
8:47,2912.0,0.0,3026.0,1.0,3000.0,2.0,2864.0,3.0,2603.0,4.0
8:48,2917.0,0.0,3031.0,1.0,3006.0,2.0,2871.0,3.0,2610.0,4.0
8:49,2922.0,0.0,3037.0,1.0,3012.0,2.0,2877.0,3.0,2617.0,4.0
8:50,2927.0,0.0,3042.0,1.0,3018.0,2.0,2884.0,3.0,2624.0,4.0
8:51,2932.0,0.0,3048.0,1.0,3024.0,2.0,2890.0,3.0,2631.0,4.0
8:52,2937.0,0.0,3053.0,1.0,3030.0,2.0,2897.0,3.0,2638.0,4.0
8:53,2942.0,0.0,3059.0,1.0,3036.0,2.0,2903.0,3.0,2645.0,4.0
8:54,2947.0,0.0,3064.0,1.0,3042.0,2.0,2910.0,3.0,2652.0,4.0
8:55,2952.0,0.0,3070.0,1.0,3048.0,2.0,2916.0,3.0,2659.0,4.0
8:56,2957.0,0.0,3075.0,1.0,3054.0,2.0,2923.0,3.0,2666.0,4.0
8:57,2962.0,0.0,3081.0,1.0,3060.0,2.0,2929.0,3.0,2673.0,4.0
8:58,2967.0,0.0,3086.0,1.0,3066.0,2.0,2936.0,3.0,2680.0,4.0
8:59,2972.0,0.0,3092.0,1.0,3072.0,2.0,2942.0,3.0,2687.0,4.0
9:00,2977.0,0.0,3097.0,1.0,3078.0,2.0,2949.0,3.0,2694.0,4.0
9:01,2982.0,0.0,3103.0,1.0,3084.0,2.0,2955.0,3.0,2701.0,4.0
9:02,2987.0,0.0,3108.0,1.0,3090.0,2.0,2962.0,3.0,2708.0,4.0
9:03,2992.0,0.0,3114.0,1.0,3096.0,2.0,2968.0,3.0,2715.0,4.0
9:04,2997.0,0.0,3119.0,1.0,3102.0,2.0,2975.0,3.0,2722.0,4.0
9:05,3002.0,0.0,3125.0,1.0,3108.0,2.0,2981.0,3.0,2729.0,4.0
9:06,3007.0,0.0,3131.0,1.0,3114.0,2.0,2988.0,3.0,2736.0,4.0
9:07,3012.0,0.0,3136.0,1.0,3120.0,2.0,2994.0,3.0,2743.0,4.0
9:08,3017.0,0.0,3142.0,1.0,3126.0,2.0,3001.0,3.0,2750.0,4.0
9:09,3022.0,0.0,3147.0,1.0,3132.0,2.0,3007.0,3.0,2757.0,4.0
9:10,3027.0,0.0,3153.0,1.0,3138.0,2.0,3014.0,3.0,2764.0,4.0
9:11,3032.0,0.0,3158.0,1.0,3144.0,2.0,3020.0,3.0,2771.0,4.0
9:12,3037.0,0.0,3164.0,1.0,3150.0,2.0,3027.0,3.0,2778.0,4.0
9:13,3042.0,0.0,3169.0,1.0,3156.0,2.0,3033.0,3.0,2785.0,4.0
9:14,3047.0,0.0,3175.0,1.0,3162.0,2.0,3040.0,3.0,2792.0,4.0
9:15,3052.0,0.0,3180.0,1.0,3168.0,2.0,3046.0,3.0,2799.0,4.0
9:16,3057.0,0.0,3186.0,1.0,3174.0,2.0,3053.0,3.0,2806.0,4.0
9:17,3062.0,0.0,3191.0,1.0,3180.0,2.0,3059.0,3.0,2813.0,4.0
9:18,3067.0,0.0,3197.0,1.0,3186.0,2.0,3066.0,3.0,2820.0,4.0
9:19,3072.0,0.0,3202.0,1.0,3192.0,2.0,3072.0,3.0,2827.0,4.0
9:20,3077.0,0.0,3208.0,1.0,3198.0,2.0,3079.0,3.0,2834.0,4.0
9:21,3082.0,0.0,3213.0,1.0,3204.0,2.0,3085.0,3.0,2841.0,4.0
9:22,3087.0,0.0,3219.0,1.0,3210.0,2.0,3092.0,3.0,2848.0,4.0
9:23,3092.0,0.0,3224.0,1.0,3216.0,2.0,3098.0,3.0,2855.0,4.0
9:24,3097.0,0.0,3230.0,1.0,3222.0,2.0,3105.0,3.0,2862.0,4.0
9:25,3102.0,0.0,3235.0,1.0,3228.0,2.0,3111.0,3.0,2870.0,4.0
9:26,3107.0,0.0,3241.0,1.0,3234.0,2.0,3118.0,3.0,2877.0,4.0
9:27,3112.0,0.0,3246.0,1.0,3240.0,2.0,3124.0,3.0,2884.0,4.0
9:28,3117.0,0.0,3252.0,1.0,3246.0,2.0,3131.0,3.0,2891.0,4.0
9:29,3122.0,0.0,3257.0,1.0,3252.0,2.0,3137.0,3.0,2898.0,4.0
9:30,3127.0,0.0,3263.0,1.0,3258.0,2.0,3144.0,3.0,2905.0,4.0
9:31,3132.0,0.0,3268.0,1.0,3265.0,2.0,3150.0,3.0,2912.0,4.0
9:32,3137.0,0.0,3274.0,1.0,3271.0,2.0,3157.0,3.0,2919.0,4.0
9:33,3142.0,0.0,3279.0,1.0,3277.0,2.0,3164.0,3.0,2926.0,4.0
9:34,3147.0,0.0,3285.0,1.0,3283.0,2.0,3170.0,3.0,2933.0,4.0
9:35,3152.0,0.0,3290.0,1.0,3289.0,2.0,3177.0,3.0,2940.0,4.0
9:36,3157.0,0.0,3296.0,1.0,3295.0,2.0,3183.0,3.0,2947.0,4.0
9:37,3162.0,0.0,3301.0,1.0,3301.0,2.0,3190.0,3.0,2954.0,4.0
9:38,3167.0,0.0,3307.0,1.0,3307.0,2.0,3196.0,3.0,2961.0,4.0
9:39,3172.0,0.0,3312.0,1.0,3313.0,2.0,3203.0,3.0,2968.0,4.0
9:40,3177.0,0.0,3318.0,1.0,3319.0,2.0,3209.0,3.0,2975.0,4.0
9:41,3183.0,0.0,3323.0,1.0,3325.0,2.0,3216.0,3.0,2982.0,4.0
9:42,3188.0,0.0,3329.0,1.0,3331.0,2.0,3222.0,3.0,2989.0,4.0
9:43,3193.0,0.0,3334.0,1.0,3337.0,2.0,3229.0,3.0,2996.0,4.0
9:44,3198.0,0.0,3340.0,1.0,3343.0,2.0,3235.0,3.0,3003.0,4.0
9:45,3203.0,0.0,3345.0,1.0,3349.0,2.0,3242.0,3.0,3010.0,4.0
9:46,3208.0,0.0,3351.0,1.0,3355.0,2.0,3248.0,3.0,3017.0,4.0
9:47,3213.0,0.0,3356.0,1.0,3361.0,2.0,3255.0,3.0,3024.0,4.0
9:48,3218.0,0.0,3362.0,1.0,3367.0,2.0,3261.0,3.0,3031.0,4.0
9:49,3223.0,0.0,3367.0,1.0,3373.0,2.0,3268.0,3.0,3038.0,4.0
9:50,3228.0,0.0,3373.0,1.0,3379.0,2.0,3274.0,3.0,3045.0,4.0
9:51,3233.0,0.0,3378.0,1.0,3385.0,2.0,3281.0,3.0,3052.0,4.0
9:52,3238.0,0.0,3384.0,1.0,3391.0,2.0,3287.0,3.0,3059.0,4.0
9:53,3243.0,0.0,3389.0,1.0,3397.0,2.0,3294.0,3.0,3066.0,4.0
9:54,3248.0,0.0,3395.0,1.0,3403.0,2.0,3300.0,3.0,3073.0,4.0
9:55,3253.0,0.0,3400.0,1.0,3409.0,2.0,3307.0,3.0,3080.0,4.0
9:56,3258.0,0.0,3406.0,1.0,3415.0,2.0,3313.0,3.0,3087.0,4.0
9:57,3263.0,0.0,3411.0,1.0,3421.0,2.0,3320.0,3.0,3094.0,4.0
9:58,3268.0,0.0,3417.0,1.0,3427.0,2.0,3326.0,3.0,3101.0,4.0
9:59,3273.0,0.0,3422.0,1.0,3433.0,2.0,3333.0,3.0,3108.0,4.0
10:00,3278.0,0.0,3428.0,1.0,3439.0,2.0,3339.0,3.0,3115.0,4.0
10:01,3283.0,0.0,3433.0,1.0,3445.0,2.0,3346.0,3.0,3122.0,4.0
10:02,3288.0,0.0,3439.0,1.0,3451.0,2.0,3352.0,3.0,3129.0,4.0
10:03,3293.0,0.0,3444.0,1.0,3457.0,2.0,3359.0,3.0,3136.0,4.0
10:04,3298.0,0.0,3450.0,1.0,3463.0,2.0,3365.0,3.0,3143.0,4.0
10:05,3303.0,0.0,3455.0,1.0,3469.0,2.0,3372.0,3.0,3150.0,4.0
10:06,3308.0,0.0,3461.0,1.0,3475.0,2.0,3378.0,3.0,3157.0,4.0
10:07,3313.0,0.0,3466.0,1.0,3481.0,2.0,3385.0,3.0,3164.0,4.0
10:08,3318.0,0.0,3472.0,1.0,3487.0,2.0,3391.0,3.0,3171.0,4.0
10:09,3323.0,0.0,3477.0,1.0,3493.0,2.0,3398.0,3.0,3178.0,4.0
10:10,3328.0,0.0,3483.0,1.0,3499.0,2.0,3404.0,3.0,3185.0,4.0
10:11,3333.0,0.0,3488.0,1.0,3505.0,2.0,3411.0,3.0,3192.0,4.0
10:12,3338.0,0.0,3494.0,1.0,3511.0,2.0,3417.0,3.0,3199.0,4.0
10:13,3343.0,0.0,3499.0,1.0,3517.0,2.0,3424.0,3.0,3206.0,4.0
10:14,3348.0,0.0,3505.0,1.0,3523.0,2.0,3430.0,3.0,3213.0,4.0
10:15,3353.0,0.0,3510.0,1.0,3529.0,2.0,3437.0,3.0,3220.0,4.0
10:16,3358.0,0.0,3516.0,1.0,3535.0,2.0,3443.0,3.0,3227.0,4.0
10:17,3363.0,0.0,3521.0,1.0,3541.0,2.0,3450.0,3.0,3234.0,4.0
10:18,3368.0,0.0,3527.0,1.0,3547.0,2.0,3456.0,3.0,3241.0,4.0
10:19,3373.0,0.0,3532.0,1.0,3553.0,2.0,3463.0,3.0,3248.0,4.0
10:20,3378.0,0.0,3538.0,1.0,3559.0,2.0,3469.0,3.0,3255.0,4.0
10:21,3383.0,0.0,3543.0,1.0,3565.0,2.0,3476.0,3.0,3262.0,4.0
10:22,3388.0,0.0,3549.0,1.0,3571.0,2.0,3482.0,3.0,3269.0,4.0
10:23,3393.0,0.0,3554.0,1.0,3577.0,2.0,3489.0,3.0,3276.0,4.0
10:24,3398.0,0.0,3560.0,1.0,3583.0,2.0,3495.0,3.0,3283.0,4.0
10:25,3403.0,0.0,3565.0,1.0,3589.0,2.0,3502.0,3.0,3290.0,4.0
10:26,3408.0,0.0,3571.0,1.0,3595.0,2.0,3508.0,3.0,3297.0,4.0
10:27,3413.0,0.0,3576.0,1.0,3601.0,2.0,3515.0,3.0,3304.0,4.0
10:28,3418.0,0.0,3582.0,1.0,3607.0,2.0,3521.0,3.0,3311.0,4.0
10:29,3423.0,0.0,3587.0,1.0,3613.0,2.0,3528.0,3.0,3318.0,4.0
10:30,3428.0,0.0,3593.0,1.0,3619.0,2.0,3534.0,3.0,3325.0,4.0
10:31,3433.0,0.0,3598.0,1.0,3625.0,2.0,3541.0,3.0,3332.0,4.0
10:32,3438.0,0.0,3604.0,1.0,3631.0,2.0,3547.0,3.0,3339.0,4.0
10:33,3443.0,0.0,3609.0,1.0,3637.0,2.0,3554.0,3.0,3346.0,4.0
10:34,3448.0,0.0,3615.0,1.0,3643.0,2.0,3560.0,3.0,3353.0,4.0
10:35,3453.0,0.0,3620.0,1.0,3649.0,2.0,3567.0,3.0,3360.0,4.0
10:36,3458.0,0.0,3626.0,1.0,3655.0,2.0,3573.0,3.0,3367.0,4.0
10:37,3463.0,0.0,3632.0,1.0,3661.0,2.0,3580.0,3.0,3374.0,4.0
10:38,3468.0,0.0,3637.0,1.0,3667.0,2.0,3586.0,3.0,3381.0,4.0
10:39,3473.0,0.0,3643.0,1.0,3673.0,2.0,3593.0,3.0,3388.0,4.0
10:40,3478.0,0.0,3648.0,1.0,3679.0,2.0,3599.0,3.0,3395.0,4.0
10:41,3483.0,0.0,3654.0,1.0,3685.0,2.0,3606.0,3.0,3402.0,4.0
10:42,3488.0,0.0,3659.0,1.0,3691.0,2.0,3612.0,3.0,3409.0,4.0
10:43,3493.0,0.0,3665.0,1.0,3697.0,2.0,3619.0,3.0,3416.0,4.0
10:44,3498.0,0.0,3670.0,1.0,3703.0,2.0,3625.0,3.0,3423.0,4.0
10:45,3503.0,0.0,3676.0,1.0,3709.0,2.0,3632.0,3.0,3430.0,4.0
10:46,3508.0,0.0,3681.0,1.0,3715.0,2.0,3638.0,3.0,3437.0,4.0
10:47,3513.0,0.0,3687.0,1.0,3721.0,2.0,3645.0,3.0,3444.0,4.0
10:48,3518.0,0.0,3692.0,1.0,3727.0,2.0,3651.0,3.0,3451.0,4.0
10:49,3523.0,0.0,3698.0,1.0,3733.0,2.0,3658.0,3.0,3458.0,4.0
10:50,3528.0,0.0,3703.0,1.0,3739.0,2.0,3665.0,3.0,3465.0,4.0
10:51,3533.0,0.0,3709.0,1.0,3745.0,2.0,3671.0,3.0,3472.0,4.0
10:52,3538.0,0.0,3714.0,1.0,3751.0,2.0,3678.0,3.0,3479.0,4.0
10:53,3543.0,0.0,3720.0,1.0,3757.0,2.0,3684.0,3.0,3486.0,4.0
10:54,3548.0,0.0,3725.0,1.0,3763.0,2.0,3691.0,3.0,3493.0,4.0
10:55,3553.0,0.0,3731.0,1.0,3769.0,2.0,3697.0,3.0,3500.0,4.0
10:56,3558.0,0.0,3736.0,1.0,3775.0,2.0,3704.0,3.0,3507.0,4.0
10:57,3563.0,0.0,3742.0,1.0,3781.0,2.0,3710.0,3.0,3514.0,4.0
10:58,3568.0,0.0,3747.0,1.0,3787.0,2.0,3717.0,3.0,3521.0,4.0
10:59,3573.0,0.0,3753.0,1.0,3793.0,2.0,3723.0,3.0,3528.0,4.0
11:00,3578.0,0.0,3758.0,1.0,3799.0,2.0,3730.0,3.0,3535.0,4.0
11:01,3583.0,0.0,3764.0,1.0,3805.0,2.0,3736.0,3.0,3542.0,4.0
11:02,3588.0,0.0,3769.0,1.0,3811.0,2.0,3743.0,3.0,3549.0,4.0
11:03,3593.0,0.0,3775.0,1.0,3817.0,2.0,3749.0,3.0,3556.0,4.0
11:04,3598.0,0.0,3780.0,1.0,3823.0,2.0,3756.0,3.0,3563.0,4.0
11:05,3603.0,0.0,3786.0,1.0,3829.0,2.0,3762.0,3.0,3570.0,4.0
11:06,3608.0,0.0,3791.0,1.0,3835.0,2.0,3769.0,3.0,3577.0,4.0
11:07,3613.0,0.0,3797.0,1.0,3841.0,2.0,3775.0,3.0,3584.0,4.0
11:08,3618.0,0.0,3802.0,1.0,3847.0,2.0,3782.0,3.0,3591.0,4.0
11:09,3623.0,0.0,3808.0,1.0,3853.0,2.0,3788.0,3.0,3598.0,4.0
11:10,3628.0,0.0,3813.0,1.0,3859.0,2.0,3795.0,3.0,3605.0,4.0
11:11,3633.0,0.0,3819.0,1.0,3865.0,2.0,3801.0,3.0,3612.0,4.0
11:12,3638.0,0.0,3824.0,1.0,3871.0,2.0,3808.0,3.0,3619.0,4.0
11:13,3643.0,0.0,3830.0,1.0,3877.0,2.0,3814.0,3.0,3626.0,4.0
11:14,3648.0,0.0,3835.0,1.0,3883.0,2.0,3821.0,3.0,3633.0,4.0
11:15,3653.0,0.0,3841.0,1.0,3889.0,2.0,3827.0,3.0,3640.0,4.0
11:16,3658.0,0.0,3846.0,1.0,3895.0,2.0,3834.0,3.0,3647.0,4.0
11:17,3663.0,0.0,3852.0,1.0,3901.0,2.0,3840.0,3.0,3654.0,4.0
11:18,3668.0,0.0,3857.0,1.0,3907.0,2.0,3847.0,3.0,3661.0,4.0
11:19,3673.0,0.0,3863.0,1.0,3913.0,2.0,3853.0,3.0,3668.0,4.0
11:20,3678.0,0.0,3868.0,1.0,3919.0,2.0,3860.0,3.0,3675.0,4.0
11:21,3683.0,0.0,3874.0,1.0,3925.0,2.0,3866.0,3.0,3682.0,4.0
11:22,3688.0,0.0,3879.0,1.0,3931.0,2.0,3873.0,3.0,3689.0,4.0
11:23,3693.0,0.0,3885.0,1.0,3937.0,2.0,3879.0,3.0,3696.0,4.0
11:24,3698.0,0.0,3890.0,1.0,3943.0,2.0,3886.0,3.0,3703.0,4.0
11:25,3703.0,0.0,3896.0,1.0,3949.0,2.0,3892.0,3.0,3710.0,4.0
11:26,3708.0,0.0,3901.0,1.0,3955.0,2.0,3899.0,3.0,3717.0,4.0
11:27,3713.0,0.0,3907.0,1.0,3961.0,2.0,3905.0,3.0,3724.0,4.0
11:28,3718.0,0.0,3912.0,1.0,3967.0,2.0,3912.0,3.0,3731.0,4.0
11:29,3723.0,0.0,3918.0,1.0,3973.0,2.0,3918.0,3.0,3738.0,4.0
11:30,3728.0,0.0,3923.0,1.0,3979.0,2.0,3925.0,3.0,3745.0,4.0
11:31,3733.0,0.0,3929.0,1.0,3985.0,2.0,3931.0,3.0,3752.0,4.0
11:32,3738.0,0.0,3934.0,1.0,3991.0,2.0,3938.0,3.0,3759.0,4.0
11:33,3743.0,0.0,3940.0,1.0,3997.0,2.0,3944.0,3.0,3766.0,4.0
11:34,3748.0,0.0,3945.0,1.0,4003.0,2.0,3951.0,3.0,3773.0,4.0
11:35,3753.0,0.0,3951.0,1.0,4009.0,2.0,3957.0,3.0,3780.0,4.0
11:36,3758.0,0.0,3956.0,1.0,4015.0,2.0,3964.0,3.0,3787.0,4.0
11:37,3763.0,0.0,3962.0,1.0,4021.0,2.0,3970.0,3.0,3794.0,4.0
11:38,3768.0,0.0,3967.0,1.0,4027.0,2.0,3977.0,3.0,3801.0,4.0
11:39,3773.0,0.0,3973.0,1.0,4033.0,2.0,3983.0,3.0,3808.0,4.0
11:40,3778.0,0.0,3978.0,1.0,4039.0,2.0,3990.0,3.0,3815.0,4.0
11:41,3783.0,0.0,3984.0,1.0,4045.0,2.0,3996.0,3.0,3822.0,4.0
11:42,3788.0,0.0,3989.0,1.0,4051.0,2.0,4003.0,3.0,3829.0,4.0
11:43,3793.0,0.0,3995.0,1.0,4057.0,2.0,4009.0,3.0,3837.0,4.0
11:44,3798.0,0.0,4000.0,1.0,4063.0,2.0,4016.0,3.0,3844.0,4.0
11:45,3803.0,0.0,4006.0,1.0,4069.0,2.0,4022.0,3.0,3851.0,4.0
11:46,3808.0,0.0,4011.0,1.0,4075.0,2.0,4029.0,3.0,3858.0,4.0
11:47,3813.0,0.0,4017.0,1.0,4081.0,2.0,4035.0,3.0,3865.0,4.0
11:48,3818.0,0.0,4022.0,1.0,4087.0,2.0,4042.0,3.0,3872.0,4.0
11:49,3823.0,0.0,4028.0,1.0,4093.0,2.0,4048.0,3.0,3879.0,4.0
11:50,3828.0,0.0,4033.0,1.0,4099.0,2.0,4055.0,3.0,3886.0,4.0
11:51,3833.0,0.0,4039.0,1.0,4105.0,2.0,4061.0,3.0,3893.0,4.0
11:52,3838.0,0.0,4044.0,1.0,4111.0,2.0,4068.0,3.0,3900.0,4.0
11:53,3843.0,0.0,4050.0,1.0,4117.0,2.0,4074.0,3.0,3907.0,4.0
11:54,3848.0,0.0,4055.0,1.0,4123.0,2.0,4081.0,3.0,3914.0,4.0
11:55,3853.0,0.0,4061.0,1.0,4129.0,2.0,4087.0,3.0,3921.0,4.0
11:56,3858.0,0.0,4066.0,1.0,4135.0,2.0,4094.0,3.0,3928.0,4.0
11:57,3863.0,0.0,4072.0,1.0,4141.0,2.0,4100.0,3.0,3935.0,4.0
11:58,3868.0,0.0,4077.0,1.0,4147.0,2.0,4107.0,3.0,3942.0,4.0
11:59,3873.0,0.0,4083.0,1.0,4153.0,2.0,4113.0,3.0,3949.0,4.0
12:00,3878.0,0.0,4088.0,1.0,4159.0,2.0,4120.0,3.0,3956.0,4.0
12:01,3883.0,0.0,4094.0,1.0,4165.0,2.0,4126.0,3.0,3963.0,4.0
12:02,3888.0,0.0,4099.0,1.0,4171.0,2.0,4133.0,3.0,3970.0,4.0
12:03,3893.0,0.0,4105.0,1.0,4177.0,2.0,4139.0,3.0,3977.0,4.0
12:04,3898.0,0.0,4110.0,1.0,4183.0,2.0,4146.0,3.0,3984.0,4.0
12:05,3903.0,0.0,4116.0,1.0,4189.0,2.0,4152.0,3.0,3991.0,4.0
12:06,3908.0,0.0,4121.0,1.0,4195.0,2.0,4159.0,3.0,3998.0,4.0
12:07,3913.0,0.0,4127.0,1.0,4201.0,2.0,4165.0,3.0,4005.0,4.0
12:08,3918.0,0.0,4133.0,1.0,4207.0,2.0,4172.0,3.0,4012.0,4.0
12:09,3923.0,0.0,4138.0,1.0,4213.0,2.0,4179.0,3.0,4019.0,4.0
12:10,3928.0,0.0,4144.0,1.0,4219.0,2.0,4185.0,3.0,4026.0,4.0
12:11,3933.0,0.0,4149.0,1.0,4225.0,2.0,4192.0,3.0,4033.0,4.0
12:12,3938.0,0.0,4155.0,1.0,4231.0,2.0,4198.0,3.0,4040.0,4.0
12:13,3943.0,0.0,4160.0,1.0,4237.0,2.0,4205.0,3.0,4047.0,4.0
12:14,3948.0,0.0,4166.0,1.0,4244.0,2.0,4211.0,3.0,4054.0,4.0
12:15,3953.0,0.0,4171.0,1.0,4250.0,2.0,4218.0,3.0,4061.0,4.0
12:16,3958.0,0.0,4177.0,1.0,4256.0,2.0,4224.0,3.0,4068.0,4.0
12:17,3963.0,0.0,4182.0,1.0,4262.0,2.0,4231.0,3.0,4075.0,4.0
12:18,3968.0,0.0,4188.0,1.0,4268.0,2.0,4237.0,3.0,4082.0,4.0
12:19,3973.0,0.0,4193.0,1.0,4274.0,2.0,4244.0,3.0,4089.0,4.0
12:20,3978.0,0.0,4199.0,1.0,4280.0,2.0,4250.0,3.0,4096.0,4.0
12:21,3983.0,0.0,4204.0,1.0,4286.0,2.0,4257.0,3.0,4103.0,4.0
12:22,3988.0,0.0,4210.0,1.0,4292.0,2.0,4263.0,3.0,4110.0,4.0
12:23,3993.0,0.0,4215.0,1.0,4298.0,2.0,4270.0,3.0,4117.0,4.0
12:24,3998.0,0.0,4221.0,1.0,4304.0,2.0,4276.0,3.0,4124.0,4.0
12:25,4003.0,0.0,4226.0,1.0,4310.0,2.0,4283.0,3.0,4131.0,4.0
12:26,4008.0,0.0,4232.0,1.0,4316.0,2.0,4289.0,3.0,4138.0,4.0
12:27,4013.0,0.0,4237.0,1.0,4322.0,2.0,4296.0,3.0,4145.0,4.0
12:28,4018.0,0.0,4243.0,1.0,4328.0,2.0,4302.0,3.0,4152.0,4.0
12:29,4023.0,0.0,4248.0,1.0,4334.0,2.0,4309.0,3.0,4159.0,4.0
12:30,4028.0,0.0,4254.0,1.0,4340.0,2.0,4315.0,3.0,4166.0,4.0
12:31,4033.0,0.0,4259.0,1.0,4346.0,2.0,4322.0,3.0,4173.0,4.0
12:32,4038.0,0.0,4265.0,1.0,4352.0,2.0,4328.0,3.0,4180.0,4.0
12:33,4043.0,0.0,4270.0,1.0,4358.0,2.0,4335.0,3.0,4187.0,4.0
12:34,4048.0,0.0,4276.0,1.0,4364.0,2.0,4341.0,3.0,4194.0,4.0
12:35,4053.0,0.0,4281.0,1.0,4370.0,2.0,4348.0,3.0,4201.0,4.0
12:36,4058.0,0.0,4287.0,1.0,4376.0,2.0,4354.0,3.0,4208.0,4.0
12:37,4063.0,0.0,4292.0,1.0,4382.0,2.0,4361.0,3.0,4215.0,4.0
12:38,4068.0,0.0,4298.0,1.0,4388.0,2.0,4367.0,3.0,4222.0,4.0
12:39,4073.0,0.0,4303.0,1.0,4394.0,2.0,4374.0,3.0,4229.0,4.0
12:40,4078.0,0.0,4309.0,1.0,4400.0,2.0,4380.0,3.0,4236.0,4.0
12:41,4083.0,0.0,4314.0,1.0,4406.0,2.0,4387.0,3.0,4243.0,4.0
12:42,4088.0,0.0,4320.0,1.0,4412.0,2.0,4393.0,3.0,4250.0,4.0
12:43,4093.0,0.0,4325.0,1.0,4418.0,2.0,4400.0,3.0,4257.0,4.0
12:44,4098.0,0.0,4331.0,1.0,4424.0,2.0,4406.0,3.0,4264.0,4.0
12:45,4103.0,0.0,4336.0,1.0,4430.0,2.0,4413.0,3.0,4271.0,4.0
12:46,4108.0,0.0,4342.0,1.0,4436.0,2.0,4419.0,3.0,4278.0,4.0
12:47,4113.0,0.0,4347.0,1.0,4442.0,2.0,4426.0,3.0,4285.0,4.0
12:48,4118.0,0.0,4353.0,1.0,4448.0,2.0,4432.0,3.0,4292.0,4.0
12:49,4123.0,0.0,4358.0,1.0,4454.0,2.0,4439.0,3.0,4299.0,4.0
12:50,4128.0,0.0,4364.0,1.0,4460.0,2.0,4445.0,3.0,4306.0,4.0
12:51,4134.0,0.0,4369.0,1.0,4466.0,2.0,4452.0,3.0,4313.0,4.0
12:52,4139.0,0.0,4375.0,1.0,4472.0,2.0,4458.0,3.0,4320.0,4.0
12:53,4144.0,0.0,4380.0,1.0,4478.0,2.0,4465.0,3.0,4327.0,4.0
12:54,4149.0,0.0,4386.0,1.0,4484.0,2.0,4471.0,3.0,4334.0,4.0
12:55,4154.0,0.0,4391.0,1.0,4490.0,2.0,4478.0,3.0,4341.0,4.0
12:56,4159.0,0.0,4397.0,1.0,4496.0,2.0,4484.0,3.0,4348.0,4.0
12:57,4164.0,0.0,4402.0,1.0,4502.0,2.0,4491.0,3.0,4355.0,4.0
12:58,4169.0,0.0,4408.0,1.0,4508.0,2.0,4497.0,3.0,4362.0,4.0
12:59,4174.0,0.0,4413.0,1.0,4514.0,2.0,4504.0,3.0,4369.0,4.0
13:00,4179.0,0.0,4419.0,1.0,4520.0,2.0,4510.0,3.0,4376.0,4.0
13:01,4184.0,0.0,4424.0,1.0,4526.0,2.0,4517.0,3.0,4383.0,4.0
13:02,4189.0,0.0,4430.0,1.0,4532.0,2.0,4523.0,3.0,4390.0,4.0
13:03,4194.0,0.0,4435.0,1.0,4538.0,2.0,4530.0,3.0,4397.0,4.0
13:04,4199.0,0.0,4441.0,1.0,4544.0,2.0,4536.0,3.0,4404.0,4.0
13:05,4204.0,0.0,4446.0,1.0,4550.0,2.0,4543.0,3.0,4411.0,4.0
13:06,4209.0,0.0,4452.0,1.0,4556.0,2.0,4549.0,3.0,4418.0,4.0
13:07,4214.0,0.0,4457.0,1.0,4562.0,2.0,4556.0,3.0,4425.0,4.0
13:08,4219.0,0.0,4463.0,1.0,4568.0,2.0,4562.0,3.0,4432.0,4.0
13:09,4224.0,0.0,4468.0,1.0,4574.0,2.0,4569.0,3.0,4439.0,4.0
13:10,4229.0,0.0,4474.0,1.0,4580.0,2.0,4575.0,3.0,4446.0,4.0
13:11,4234.0,0.0,4479.0,1.0,4586.0,2.0,4582.0,3.0,4453.0,4.0
13:12,4239.0,0.0,4485.0,1.0,4592.0,2.0,4588.0,3.0,4460.0,4.0
13:13,4244.0,0.0,4490.0,1.0,4598.0,2.0,4595.0,3.0,4467.0,4.0
13:14,4249.0,0.0,4496.0,1.0,4604.0,2.0,4601.0,3.0,4474.0,4.0
13:15,4254.0,0.0,4501.0,1.0,4610.0,2.0,4608.0,3.0,4481.0,4.0
13:16,4259.0,0.0,4507.0,1.0,4616.0,2.0,4614.0,3.0,4488.0,4.0
13:17,4264.0,0.0,4512.0,1.0,4622.0,2.0,4621.0,3.0,4495.0,4.0
13:18,4269.0,0.0,4518.0,1.0,4628.0,2.0,4627.0,3.0,4502.0,4.0
13:19,4274.0,0.0,4523.0,1.0,4634.0,2.0,4634.0,3.0,4509.0,4.0
13:20,4279.0,0.0,4529.0,1.0,4640.0,2.0,4640.0,3.0,4516.0,4.0
13:21,4284.0,0.0,4534.0,1.0,4646.0,2.0,4647.0,3.0,4523.0,4.0
13:22,4289.0,0.0,4540.0,1.0,4652.0,2.0,4653.0,3.0,4530.0,4.0
13:23,4294.0,0.0,4545.0,1.0,4658.0,2.0,4660.0,3.0,4537.0,4.0
13:24,4299.0,0.0,4551.0,1.0,4664.0,2.0,4666.0,3.0,4544.0,4.0
13:25,4304.0,0.0,4556.0,1.0,4670.0,2.0,4673.0,3.0,4551.0,4.0
13:26,4309.0,0.0,4562.0,1.0,4676.0,2.0,4679.0,3.0,4558.0,4.0
13:27,4314.0,0.0,4567.0,1.0,4682.0,2.0,4686.0,3.0,4565.0,4.0
13:28,4319.0,0.0,4573.0,1.0,4688.0,2.0,4693.0,3.0,4572.0,4.0
13:29,4324.0,0.0,4578.0,1.0,4694.0,2.0,4699.0,3.0,4579.0,4.0
13:30,4329.0,0.0,4584.0,1.0,4700.0,2.0,4706.0,3.0,4586.0,4.0
13:31,4334.0,0.0,4589.0,1.0,4706.0,2.0,4712.0,3.0,4593.0,4.0
13:32,4339.0,0.0,4595.0,1.0,4712.0,2.0,4719.0,3.0,4600.0,4.0
13:33,4344.0,0.0,4600.0,1.0,4718.0,2.0,4725.0,3.0,4607.0,4.0
13:34,4349.0,0.0,4606.0,1.0,4724.0,2.0,4732.0,3.0,4614.0,4.0
13:35,4354.0,0.0,4611.0,1.0,4730.0,2.0,4738.0,3.0,4621.0,4.0
13:36,4359.0,0.0,4617.0,1.0,4736.0,2.0,4745.0,3.0,4628.0,4.0
13:37,4364.0,0.0,4622.0,1.0,4742.0,2.0,4751.0,3.0,4635.0,4.0
13:38,4369.0,0.0,4628.0,1.0,4748.0,2.0,4758.0,3.0,4642.0,4.0
13:39,4374.0,0.0,4634.0,1.0,4754.0,2.0,4764.0,3.0,4649.0,4.0
13:40,4379.0,0.0,4639.0,1.0,4760.0,2.0,4771.0,3.0,4656.0,4.0
13:41,4384.0,0.0,4645.0,1.0,4766.0,2.0,4777.0,3.0,4663.0,4.0
13:42,4389.0,0.0,4650.0,1.0,4772.0,2.0,4784.0,3.0,4670.0,4.0
13:43,4394.0,0.0,4656.0,1.0,4778.0,2.0,4790.0,3.0,4677.0,4.0
13:44,4399.0,0.0,4661.0,1.0,4784.0,2.0,4797.0,3.0,4684.0,4.0
13:45,4404.0,0.0,4667.0,1.0,4790.0,2.0,4803.0,3.0,4691.0,4.0
13:46,4409.0,0.0,4672.0,1.0,4796.0,2.0,4810.0,3.0,4698.0,4.0
13:47,4414.0,0.0,4678.0,1.0,4802.0,2.0,4816.0,3.0,4705.0,4.0
13:48,4419.0,0.0,4683.0,1.0,4808.0,2.0,4823.0,3.0,4712.0,4.0
13:49,4424.0,0.0,4689.0,1.0,4814.0,2.0,4829.0,3.0,4719.0,4.0
13:50,4429.0,0.0,4694.0,1.0,4820.0,2.0,4836.0,3.0,4726.0,4.0
13:51,4434.0,0.0,4700.0,1.0,4826.0,2.0,4842.0,3.0,4733.0,4.0
13:52,4439.0,0.0,4705.0,1.0,4832.0,2.0,4849.0,3.0,4740.0,4.0
13:53,4444.0,0.0,4711.0,1.0,4838.0,2.0,4855.0,3.0,4747.0,4.0
13:54,4449.0,0.0,4716.0,1.0,4844.0,2.0,4862.0,3.0,4754.0,4.0
13:55,4454.0,0.0,4722.0,1.0,4850.0,2.0,4868.0,3.0,4761.0,4.0
13:56,4459.0,0.0,4727.0,1.0,4856.0,2.0,4875.0,3.0,4768.0,4.0
13:57,4464.0,0.0,4733.0,1.0,4862.0,2.0,4881.0,3.0,4775.0,4.0
13:58,4469.0,0.0,4738.0,1.0,4868.0,2.0,4888.0,3.0,4782.0,4.0
13:59,4474.0,0.0,4744.0,1.0,4874.0,2.0,4894.0,3.0,4790.0,4.0
14:00,4479.0,0.0,4749.0,1.0,4880.0,2.0,4901.0,3.0,4797.0,4.0
14:01,4484.0,0.0,4755.0,1.0,4886.0,2.0,4907.0,3.0,4804.0,4.0
14:02,4489.0,0.0,4760.0,1.0,4892.0,2.0,4914.0,3.0,4811.0,4.0
14:03,4494.0,0.0,4766.0,1.0,4898.0,2.0,4920.0,3.0,4818.0,4.0
14:04,4499.0,0.0,4771.0,1.0,4904.0,2.0,4927.0,3.0,4825.0,4.0
14:05,4504.0,0.0,4777.0,1.0,4910.0,2.0,4933.0,3.0,4832.0,4.0
14:06,4509.0,0.0,4782.0,1.0,4916.0,2.0,4940.0,3.0,4839.0,4.0
14:07,4514.0,0.0,4788.0,1.0,4922.0,2.0,4946.0,3.0,4846.0,4.0
14:08,4519.0,0.0,4793.0,1.0,4928.0,2.0,4953.0,3.0,4853.0,4.0
14:09,4524.0,0.0,4799.0,1.0,4934.0,2.0,4959.0,3.0,4860.0,4.0
14:10,4529.0,0.0,4804.0,1.0,4940.0,2.0,4966.0,3.0,4867.0,4.0
14:11,4534.0,0.0,4810.0,1.0,4946.0,2.0,4972.0,3.0,4874.0,4.0
14:12,4539.0,0.0,4815.0,1.0,4952.0,2.0,4979.0,3.0,4881.0,4.0
14:13,4544.0,0.0,4821.0,1.0,4958.0,2.0,4985.0,3.0,4888.0,4.0
14:14,4549.0,0.0,4826.0,1.0,4964.0,2.0,4992.0,3.0,4895.0,4.0
14:15,4554.0,0.0,4832.0,1.0,4970.0,2.0,4998.0,3.0,4902.0,4.0
14:16,4559.0,0.0,4837.0,1.0,4976.0,2.0,5005.0,3.0,4909.0,4.0
14:17,4564.0,0.0,4843.0,1.0,4982.0,2.0,5011.0,3.0,4916.0,4.0
14:18,4569.0,0.0,4848.0,1.0,4988.0,2.0,5018.0,3.0,4923.0,4.0
14:19,4574.0,0.0,4854.0,1.0,4994.0,2.0,5024.0,3.0,4930.0,4.0
14:20,4579.0,0.0,4859.0,1.0,5000.0,2.0,5031.0,3.0,4937.0,4.0
14:21,4584.0,0.0,4865.0,1.0,5006.0,2.0,5037.0,3.0,4944.0,4.0
14:22,4589.0,0.0,4870.0,1.0,5012.0,2.0,5044.0,3.0,4951.0,4.0
14:23,4594.0,0.0,4876.0,1.0,5018.0,2.0,5050.0,3.0,4958.0,4.0
14:24,4599.0,0.0,4881.0,1.0,5024.0,2.0,5057.0,3.0,4965.0,4.0
14:25,4604.0,0.0,4887.0,1.0,5030.0,2.0,5063.0,3.0,4972.0,4.0
14:26,4609.0,0.0,4892.0,1.0,5036.0,2.0,5070.0,3.0,4979.0,4.0
14:27,4614.0,0.0,4898.0,1.0,5042.0,2.0,5076.0,3.0,4986.0,4.0
14:28,4619.0,0.0,4903.0,1.0,5048.0,2.0,5083.0,3.0,4993.0,4.0
14:29,4624.0,0.0,4909.0,1.0,5054.0,2.0,5089.0,3.0,5000.0,4.0
14:30,4629.0,0.0,4914.0,1.0,5060.0,2.0,5096.0,3.0,5007.0,4.0
14:31,4634.0,0.0,4920.0,1.0,5066.0,2.0,5102.0,3.0,5014.0,4.0
14:32,4639.0,0.0,4925.0,1.0,5072.0,2.0,5109.0,3.0,5021.0,4.0
14:33,4644.0,0.0,4931.0,1.0,5078.0,2.0,5115.0,3.0,5028.0,4.0
14:34,4649.0,0.0,4936.0,1.0,5084.0,2.0,5122.0,3.0,5035.0,4.0
14:35,4654.0,0.0,4942.0,1.0,5090.0,2.0,5128.0,3.0,5042.0,4.0
14:36,4659.0,0.0,4947.0,1.0,5096.0,2.0,5135.0,3.0,5049.0,4.0
14:37,4664.0,0.0,4953.0,1.0,5102.0,2.0,5141.0,3.0,5056.0,4.0
14:38,4669.0,0.0,4958.0,1.0,5108.0,2.0,5148.0,3.0,5063.0,4.0
14:39,4674.0,0.0,4964.0,1.0,5114.0,2.0,5154.0,3.0,5070.0,4.0
14:40,4679.0,0.0,4969.0,1.0,5120.0,2.0,5161.0,3.0,5077.0,4.0
14:41,4684.0,0.0,4975.0,1.0,5126.0,2.0,5167.0,3.0,5084.0,4.0
14:42,4689.0,0.0,4980.0,1.0,5132.0,2.0,5174.0,3.0,5091.0,4.0
14:43,4694.0,0.0,4986.0,1.0,5138.0,2.0,5180.0,3.0,5098.0,4.0
14:44,4699.0,0.0,4991.0,1.0,5144.0,2.0,5187.0,3.0,5105.0,4.0
14:45,4704.0,0.0,4997.0,1.0,5150.0,2.0,5194.0,3.0,5112.0,4.0
14:46,4709.0,0.0,5002.0,1.0,5156.0,2.0,5200.0,3.0,5119.0,4.0
14:47,4714.0,0.0,5008.0,1.0,5162.0,2.0,5207.0,3.0,5126.0,4.0
14:48,4719.0,0.0,5013.0,1.0,5168.0,2.0,5213.0,3.0,5133.0,4.0
14:49,4724.0,0.0,5019.0,1.0,5174.0,2.0,5220.0,3.0,5140.0,4.0
14:50,4729.0,0.0,5024.0,1.0,5180.0,2.0,5226.0,3.0,5147.0,4.0
14:51,4734.0,0.0,5030.0,1.0,5186.0,2.0,5233.0,3.0,5154.0,4.0
14:52,4739.0,0.0,5035.0,1.0,5193.0,2.0,5239.0,3.0,5161.0,4.0
14:53,4744.0,0.0,5041.0,1.0,5199.0,2.0,5246.0,3.0,5168.0,4.0
14:54,4749.0,0.0,5046.0,1.0,5205.0,2.0,5252.0,3.0,5175.0,4.0
14:55,4754.0,0.0,5052.0,1.0,5211.0,2.0,5259.0,3.0,5182.0,4.0
14:56,4759.0,0.0,5057.0,1.0,5217.0,2.0,5265.0,3.0,5189.0,4.0
14:57,4764.0,0.0,5063.0,1.0,5223.0,2.0,5272.0,3.0,5196.0,4.0
14:58,4769.0,0.0,5068.0,1.0,5229.0,2.0,5278.0,3.0,5203.0,4.0
14:59,4774.0,0.0,5074.0,1.0,5235.0,2.0,5285.0,3.0,5210.0,4.0
15:00,4779.0,0.0,5079.0,1.0,5241.0,2.0,5291.0,3.0,5217.0,4.0
15:01,4784.0,0.0,5085.0,1.0,5247.0,2.0,5298.0,3.0,5224.0,4.0
15:02,4789.0,0.0,5090.0,1.0,5253.0,2.0,5304.0,3.0,5231.0,4.0
15:03,4794.0,0.0,5096.0,1.0,5259.0,2.0,5311.0,3.0,5238.0,4.0
15:04,4799.0,0.0,5102.0,1.0,5265.0,2.0,5317.0,3.0,5245.0,4.0
15:05,4804.0,0.0,5107.0,1.0,5271.0,2.0,5324.0,3.0,5252.0,4.0
15:06,4809.0,0.0,5113.0,1.0,5277.0,2.0,5330.0,3.0,5259.0,4.0
15:07,4814.0,0.0,5118.0,1.0,5283.0,2.0,5337.0,3.0,5266.0,4.0
15:08,4819.0,0.0,5124.0,1.0,5289.0,2.0,5343.0,3.0,5273.0,4.0
15:09,4824.0,0.0,5129.0,1.0,5295.0,2.0,5350.0,3.0,5280.0,4.0
15:10,4829.0,0.0,5135.0,1.0,5301.0,2.0,5356.0,3.0,5287.0,4.0
15:11,4834.0,0.0,5140.0,1.0,5307.0,2.0,5363.0,3.0,5294.0,4.0
15:12,4839.0,0.0,5146.0,1.0,5313.0,2.0,5369.0,3.0,5301.0,4.0
15:13,4844.0,0.0,5151.0,1.0,5319.0,2.0,5376.0,3.0,5308.0,4.0
15:14,4849.0,0.0,5157.0,1.0,5325.0,2.0,5382.0,3.0,5315.0,4.0
15:15,4854.0,0.0,5162.0,1.0,5331.0,2.0,5389.0,3.0,5322.0,4.0
15:16,4859.0,0.0,5168.0,1.0,5337.0,2.0,5395.0,3.0,5329.0,4.0
15:17,4864.0,0.0,5173.0,1.0,5343.0,2.0,5402.0,3.0,5336.0,4.0
15:18,4869.0,0.0,5179.0,1.0,5349.0,2.0,5408.0,3.0,5343.0,4.0
15:19,4874.0,0.0,5184.0,1.0,5355.0,2.0,5415.0,3.0,5350.0,4.0
15:20,4879.0,0.0,5190.0,1.0,5361.0,2.0,5421.0,3.0,5357.0,4.0
15:21,4884.0,0.0,5195.0,1.0,5367.0,2.0,5428.0,3.0,5364.0,4.0
15:22,4889.0,0.0,5201.0,1.0,5373.0,2.0,5434.0,3.0,5371.0,4.0
15:23,4894.0,0.0,5206.0,1.0,5379.0,2.0,5441.0,3.0,5378.0,4.0
15:24,4899.0,0.0,5212.0,1.0,5385.0,2.0,5447.0,3.0,5385.0,4.0
15:25,4904.0,0.0,5217.0,1.0,5391.0,2.0,5454.0,3.0,5392.0,4.0
15:26,4909.0,0.0,5223.0,1.0,5397.0,2.0,5460.0,3.0,5399.0,4.0
15:27,4914.0,0.0,5228.0,1.0,5403.0,2.0,5467.0,3.0,5406.0,4.0
15:28,4919.0,0.0,5234.0,1.0,5409.0,2.0,5473.0,3.0,5413.0,4.0
15:29,4924.0,0.0,5239.0,1.0,5415.0,2.0,5480.0,3.0,5420.0,4.0
15:30,4929.0,0.0,5245.0,1.0,5421.0,2.0,5486.0,3.0,5427.0,4.0
15:31,4934.0,0.0,5250.0,1.0,5427.0,2.0,5493.0,3.0,5434.0,4.0
15:32,4939.0,0.0,5256.0,1.0,5433.0,2.0,5499.0,3.0,5441.0,4.0
15:33,4944.0,0.0,5261.0,1.0,5439.0,2.0,5506.0,3.0,5448.0,4.0
15:34,4949.0,0.0,5267.0,1.0,5445.0,2.0,5512.0,3.0,5455.0,4.0
15:35,4954.0,0.0,5272.0,1.0,5451.0,2.0,5519.0,3.0,5462.0,4.0
15:36,4959.0,0.0,5278.0,1.0,5457.0,2.0,5525.0,3.0,5469.0,4.0
15:37,4964.0,0.0,5283.0,1.0,5463.0,2.0,5532.0,3.0,5476.0,4.0
15:38,4969.0,0.0,5289.0,1.0,5469.0,2.0,5538.0,3.0,5483.0,4.0
15:39,4974.0,0.0,5294.0,1.0,5475.0,2.0,5545.0,3.0,5490.0,4.0
15:40,4979.0,0.0,5300.0,1.0,5481.0,2.0,5551.0,3.0,5497.0,4.0
15:41,4984.0,0.0,5305.0,1.0,5487.0,2.0,5558.0,3.0,5504.0,4.0
15:42,4989.0,0.0,5311.0,1.0,5493.0,2.0,5564.0,3.0,5511.0,4.0
15:43,4994.0,0.0,5316.0,1.0,5499.0,2.0,5571.0,3.0,5518.0,4.0
15:44,4999.0,0.0,5322.0,1.0,5505.0,2.0,5577.0,3.0,5525.0,4.0
15:45,5004.0,0.0,5327.0,1.0,5511.0,2.0,5584.0,3.0,5532.0,4.0
15:46,5009.0,0.0,5333.0,1.0,5517.0,2.0,5590.0,3.0,5539.0,4.0
15:47,5014.0,0.0,5338.0,1.0,5523.0,2.0,5597.0,3.0,5546.0,4.0
15:48,5019.0,0.0,5344.0,1.0,5529.0,2.0,5603.0,3.0,5553.0,4.0
15:49,5024.0,0.0,5349.0,1.0,5535.0,2.0,5610.0,3.0,5560.0,4.0
15:50,5029.0,0.0,5355.0,1.0,5541.0,2.0,5616.0,3.0,5567.0,4.0
15:51,5034.0,0.0,5360.0,1.0,5547.0,2.0,5623.0,3.0,5574.0,4.0
15:52,5039.0,0.0,5366.0,1.0,5553.0,2.0,5629.0,3.0,5581.0,4.0
15:53,5044.0,0.0,5371.0,1.0,5559.0,2.0,5636.0,3.0,5588.0,4.0
15:54,5049.0,0.0,5377.0,1.0,5565.0,2.0,5642.0,3.0,5595.0,4.0
15:55,5054.0,0.0,5382.0,1.0,,,5649.0,3.0,5602.0,4.0
15:56,5059.0,0.0,5388.0,1.0,5571.0,2.0,5655.0,3.0,5609.0,4.0
15:57,5064.0,0.0,5393.0,1.0,5577.0,2.0,5662.0,3.0,5616.0,4.0
15:58,5069.0,0.0,5399.0,1.0,5583.0,2.0,5669.0,3.0,5623.0,4.0
15:59,5074.0,0.0,5404.0,1.0,5589.0,2.0,5675.0,3.0,5630.0,4.0
16:00,,,5410.0,1.0,5595.0,2.0,5682.0,3.0,5637.0,4.0
16:01,5080.0,0.0,5415.0,1.0,5601.0,2.0,5688.0,3.0,5644.0,4.0
16:02,5085.0,0.0,5421.0,1.0,5607.0,2.0,5695.0,3.0,5651.0,4.0
16:03,5090.0,0.0,5426.0,1.0,5613.0,2.0,5701.0,3.0,5658.0,4.0
16:04,5095.0,0.0,5432.0,1.0,5619.0,2.0,5708.0,3.0,5665.0,4.0
16:05,5100.0,0.0,5437.0,1.0,5625.0,2.0,5714.0,3.0,5672.0,4.0
16:06,5105.0,0.0,5443.0,1.0,5631.0,2.0,5721.0,3.0,5679.0,4.0
16:07,5110.0,0.0,5448.0,1.0,5637.0,2.0,5727.0,3.0,5686.0,4.0
16:08,5115.0,0.0,5454.0,1.0,5643.0,2.0,5734.0,3.0,5693.0,4.0
16:09,5120.0,0.0,5459.0,1.0,5649.0,2.0,5740.0,3.0,5700.0,4.0
16:10,5125.0,0.0,5465.0,1.0,5655.0,2.0,5747.0,3.0,5707.0,4.0
16:11,5130.0,0.0,5470.0,1.0,5661.0,2.0,5753.0,3.0,5714.0,4.0
16:12,5135.0,0.0,5476.0,1.0,5667.0,2.0,5760.0,3.0,5721.0,4.0
16:13,5140.0,0.0,5481.0,1.0,5673.0,2.0,5766.0,3.0,5728.0,4.0
16:14,5145.0,0.0,5487.0,1.0,5679.0,2.0,5773.0,3.0,5735.0,4.0
16:15,5150.0,0.0,5492.0,1.0,5685.0,2.0,5779.0,3.0,5742.0,4.0
16:16,5155.0,0.0,5498.0,1.0,5691.0,2.0,5786.0,3.0,5750.0,4.0
16:17,5160.0,0.0,5503.0,1.0,5697.0,2.0,5792.0,3.0,5757.0,4.0
16:18,5165.0,0.0,5509.0,1.0,5703.0,2.0,5799.0,3.0,5764.0,4.0
16:19,5170.0,0.0,5514.0,1.0,5709.0,2.0,5805.0,3.0,,
16:20,5175.0,0.0,5520.0,1.0,5715.0,2.0,5812.0,3.0,5771.0,4.0
16:21,5180.0,0.0,5525.0,1.0,5721.0,2.0,5818.0,3.0,5778.0,4.0
16:22,5185.0,0.0,5531.0,1.0,5727.0,2.0,5825.0,3.0,5785.0,4.0
16:23,5190.0,0.0,5536.0,1.0,5733.0,2.0,5831.0,3.0,5792.0,4.0
16:24,5195.0,0.0,5542.0,1.0,5739.0,2.0,5838.0,3.0,5799.0,4.0
16:25,5200.0,0.0,5547.0,1.0,5745.0,2.0,5844.0,3.0,5806.0,4.0
16:26,5205.0,0.0,5553.0,1.0,5751.0,2.0,5851.0,3.0,5813.0,4.0
16:27,5210.0,0.0,5558.0,1.0,5757.0,2.0,5857.0,3.0,5820.0,4.0
16:28,5215.0,0.0,5564.0,1.0,5763.0,2.0,5864.0,3.0,5827.0,4.0
16:29,5220.0,0.0,5569.0,1.0,5769.0,2.0,5870.0,3.0,5834.0,4.0
16:30,5225.0,0.0,5575.0,1.0,5775.0,2.0,5877.0,3.0,5841.0,4.0
16:31,5230.0,0.0,5580.0,1.0,5781.0,2.0,5883.0,3.0,5848.0,4.0
16:32,5235.0,0.0,5586.0,1.0,5787.0,2.0,5890.0,3.0,5855.0,4.0
16:33,5240.0,0.0,5591.0,1.0,5793.0,2.0,5896.0,3.0,5862.0,4.0
16:34,5245.0,0.0,,,5799.0,2.0,5903.0,3.0,5869.0,4.0
16:35,5250.0,0.0,5597.0,1.0,5805.0,2.0,5909.0,3.0,5876.0,4.0
16:36,5255.0,0.0,5603.0,1.0,5811.0,2.0,,,5883.0,4.0
16:37,5260.0,0.0,5608.0,1.0,5817.0,2.0,5916.0,3.0,5890.0,4.0
16:38,5265.0,0.0,5614.0,1.0,5823.0,2.0,5922.0,3.0,5897.0,4.0
16:39,5270.0,0.0,5619.0,1.0,5829.0,2.0,5929.0,3.0,5904.0,4.0
16:40,5275.0,0.0,5625.0,1.0,5835.0,2.0,5935.0,3.0,5911.0,4.0
16:41,5280.0,0.0,5630.0,1.0,5841.0,2.0,5942.0,3.0,5918.0,4.0
16:42,5285.0,0.0,5636.0,1.0,5847.0,2.0,5948.0,3.0,5925.0,4.0
16:43,5290.0,0.0,5641.0,1.0,5853.0,2.0,5955.0,3.0,5932.0,4.0
16:44,5295.0,0.0,5647.0,1.0,5859.0,2.0,5961.0,3.0,5939.0,4.0
16:45,5300.0,0.0,5652.0,1.0,5865.0,2.0,5968.0,3.0,5946.0,4.0
16:46,5305.0,0.0,5658.0,1.0,5871.0,2.0,5974.0,3.0,5953.0,4.0
16:47,5310.0,0.0,5663.0,1.0,5877.0,2.0,5981.0,3.0,5960.0,4.0
16:48,5315.0,0.0,5669.0,1.0,5883.0,2.0,5987.0,3.0,5967.0,4.0
16:49,5320.0,0.0,5674.0,1.0,5889.0,2.0,5994.0,3.0,5974.0,4.0
16:50,5325.0,0.0,5680.0,1.0,5895.0,2.0,6000.0,3.0,5981.0,4.0
16:51,5330.0,0.0,5685.0,1.0,5901.0,2.0,6007.0,3.0,5988.0,4.0
16:52,5335.0,0.0,5691.0,1.0,5907.0,2.0,6013.0,3.0,5995.0,4.0
16:53,5340.0,0.0,5696.0,1.0,5913.0,2.0,6020.0,3.0,6002.0,4.0
16:54,5345.0,0.0,5702.0,1.0,5919.0,2.0,6026.0,3.0,6009.0,4.0
16:55,5350.0,0.0,5707.0,1.0,5925.0,2.0,6033.0,3.0,6016.0,4.0
16:56,5355.0,0.0,5713.0,1.0,5931.0,2.0,6039.0,3.0,6023.0,4.0
16:57,5360.0,0.0,5718.0,1.0,5937.0,2.0,6046.0,3.0,6030.0,4.0
16:58,5365.0,0.0,5724.0,1.0,5943.0,2.0,6052.0,3.0,6037.0,4.0
16:59,5370.0,0.0,5729.0,1.0,5949.0,2.0,6059.0,3.0,6044.0,4.0
17:00,5375.0,0.0,5735.0,1.0,5955.0,2.0,6065.0,3.0,6051.0,4.0
17:01,5380.0,0.0,5740.0,1.0,5961.0,2.0,6072.0,3.0,6058.0,4.0
17:02,5385.0,0.0,5746.0,1.0,5967.0,2.0,6078.0,3.0,6065.0,4.0
17:03,5390.0,0.0,5751.0,1.0,5973.0,2.0,6085.0,3.0,6072.0,4.0
17:04,5395.0,0.0,5757.0,1.0,5979.0,2.0,6091.0,3.0,6079.0,4.0
17:05,5400.0,0.0,5762.0,1.0,5985.0,2.0,6098.0,3.0,6086.0,4.0
17:06,5405.0,0.0,5768.0,1.0,5991.0,2.0,6104.0,3.0,6093.0,4.0
17:07,5410.0,0.0,5773.0,1.0,5997.0,2.0,6111.0,3.0,6100.0,4.0
17:08,5415.0,0.0,5779.0,1.0,6003.0,2.0,6117.0,3.0,6107.0,4.0
17:09,5420.0,0.0,5784.0,1.0,6009.0,2.0,6124.0,3.0,6114.0,4.0
17:10,5425.0,0.0,5790.0,1.0,6015.0,2.0,6130.0,3.0,6121.0,4.0
17:11,5430.0,0.0,5795.0,1.0,6021.0,2.0,6137.0,3.0,6128.0,4.0
17:12,5435.0,0.0,5801.0,1.0,6027.0,2.0,6143.0,3.0,6135.0,4.0
17:13,5440.0,0.0,5806.0,1.0,6033.0,2.0,6150.0,3.0,6142.0,4.0
17:14,5445.0,0.0,5812.0,1.0,6039.0,2.0,6156.0,3.0,6149.0,4.0
17:15,5450.0,0.0,5817.0,1.0,6045.0,2.0,6163.0,3.0,6156.0,4.0
17:16,5455.0,0.0,5823.0,1.0,6051.0,2.0,6170.0,3.0,6163.0,4.0
17:17,5460.0,0.0,5828.0,1.0,6057.0,2.0,6176.0,3.0,6170.0,4.0
17:18,5465.0,0.0,5834.0,1.0,6063.0,2.0,6183.0,3.0,6177.0,4.0
17:19,5470.0,0.0,5839.0,1.0,6069.0,2.0,6189.0,3.0,6184.0,4.0
17:20,5475.0,0.0,5845.0,1.0,6075.0,2.0,6196.0,3.0,6191.0,4.0
17:21,5480.0,0.0,5850.0,1.0,6081.0,2.0,6202.0,3.0,6198.0,4.0
17:22,5485.0,0.0,5856.0,1.0,6087.0,2.0,6209.0,3.0,6205.0,4.0
17:23,5490.0,0.0,5861.0,1.0,6093.0,2.0,6215.0,3.0,6212.0,4.0
17:24,5495.0,0.0,5867.0,1.0,6099.0,2.0,6222.0,3.0,6219.0,4.0
17:25,5500.0,0.0,5872.0,1.0,6105.0,2.0,6228.0,3.0,6226.0,4.0
17:26,5505.0,0.0,5878.0,1.0,6111.0,2.0,6235.0,3.0,6233.0,4.0
17:27,5510.0,0.0,5883.0,1.0,6117.0,2.0,6241.0,3.0,6240.0,4.0
17:28,5515.0,0.0,5889.0,1.0,6123.0,2.0,6248.0,3.0,6247.0,4.0
17:29,5520.0,0.0,5894.0,1.0,6129.0,2.0,6254.0,3.0,6254.0,4.0
17:30,5525.0,0.0,5900.0,1.0,6135.0,2.0,6261.0,3.0,6261.0,4.0
17:31,5530.0,0.0,5905.0,1.0,6141.0,2.0,6267.0,3.0,6268.0,4.0
17:32,5535.0,0.0,5911.0,1.0,6147.0,2.0,6274.0,3.0,6275.0,4.0
17:33,5540.0,0.0,5916.0,1.0,6153.0,2.0,6280.0,3.0,6282.0,4.0
17:34,5545.0,0.0,5922.0,1.0,6159.0,2.0,6287.0,3.0,6289.0,4.0
17:35,5550.0,0.0,5927.0,1.0,6165.0,2.0,6293.0,3.0,6296.0,4.0
17:36,5555.0,0.0,5933.0,1.0,6172.0,2.0,6300.0,3.0,6303.0,4.0
17:37,5560.0,0.0,5938.0,1.0,6178.0,2.0,6306.0,3.0,6310.0,4.0
17:38,5565.0,0.0,5944.0,1.0,6184.0,2.0,6313.0,3.0,6317.0,4.0
17:39,5570.0,0.0,5949.0,1.0,6190.0,2.0,6319.0,3.0,6324.0,4.0
17:40,5575.0,0.0,5955.0,1.0,6196.0,2.0,6326.0,3.0,6331.0,4.0
17:41,5580.0,0.0,5960.0,1.0,6202.0,2.0,6332.0,3.0,6338.0,4.0
17:42,5585.0,0.0,5966.0,1.0,6208.0,2.0,6339.0,3.0,6345.0,4.0
17:43,5590.0,0.0,5971.0,1.0,6214.0,2.0,6345.0,3.0,6352.0,4.0
17:44,5595.0,0.0,5977.0,1.0,6220.0,2.0,6352.0,3.0,6359.0,4.0
17:45,5600.0,0.0,5982.0,1.0,6226.0,2.0,6358.0,3.0,6366.0,4.0
17:46,5605.0,0.0,5988.0,1.0,6232.0,2.0,6365.0,3.0,6373.0,4.0
17:47,5610.0,0.0,5993.0,1.0,6238.0,2.0,6371.0,3.0,6380.0,4.0
17:48,5615.0,0.0,5999.0,1.0,6244.0,2.0,6378.0,3.0,6387.0,4.0
17:49,5620.0,0.0,6004.0,1.0,6250.0,2.0,6384.0,3.0,6394.0,4.0
17:50,5625.0,0.0,6010.0,1.0,6256.0,2.0,6391.0,3.0,6401.0,4.0
17:51,5630.0,0.0,6015.0,1.0,6262.0,2.0,6397.0,3.0,6408.0,4.0
17:52,5635.0,0.0,6021.0,1.0,6268.0,2.0,6404.0,3.0,6415.0,4.0
17:53,5640.0,0.0,6026.0,1.0,6274.0,2.0,6410.0,3.0,6422.0,4.0
17:54,5645.0,0.0,6032.0,1.0,6280.0,2.0,6417.0,3.0,6429.0,4.0
17:55,5650.0,0.0,6037.0,1.0,6286.0,2.0,6423.0,3.0,6436.0,4.0
17:56,5655.0,0.0,6043.0,1.0,6292.0,2.0,6430.0,3.0,6443.0,4.0
17:57,5660.0,0.0,6048.0,1.0,6298.0,2.0,6436.0,3.0,6450.0,4.0
17:58,5665.0,0.0,6054.0,1.0,6304.0,2.0,6443.0,3.0,6457.0,4.0
17:59,5670.0,0.0,6059.0,1.0,6310.0,2.0,6449.0,3.0,6464.0,4.0
18:00,5675.0,0.0,6065.0,1.0,6316.0,2.0,6456.0,3.0,6471.0,4.0
18:01,5680.0,0.0,6070.0,1.0,6322.0,2.0,6462.0,3.0,6478.0,4.0
18:02,5685.0,0.0,6076.0,1.0,6328.0,2.0,6469.0,3.0,6485.0,4.0
18:03,5690.0,0.0,6081.0,1.0,6334.0,2.0,6475.0,3.0,6492.0,4.0
18:04,5695.0,0.0,6087.0,1.0,6340.0,2.0,6482.0,3.0,6499.0,4.0
18:05,5700.0,0.0,6092.0,1.0,6346.0,2.0,6488.0,3.0,6506.0,4.0
18:06,5705.0,0.0,6098.0,1.0,6352.0,2.0,6495.0,3.0,6513.0,4.0
18:07,5710.0,0.0,6104.0,1.0,6358.0,2.0,6501.0,3.0,6520.0,4.0
18:08,5715.0,0.0,6109.0,1.0,6364.0,2.0,6508.0,3.0,6527.0,4.0
18:09,5720.0,0.0,6115.0,1.0,6370.0,2.0,6514.0,3.0,6534.0,4.0
18:10,5725.0,0.0,6120.0,1.0,6376.0,2.0,6521.0,3.0,6541.0,4.0
18:11,5730.0,0.0,6126.0,1.0,6382.0,2.0,6527.0,3.0,6548.0,4.0
18:12,5735.0,0.0,6131.0,1.0,6388.0,2.0,6534.0,3.0,6555.0,4.0
18:13,5740.0,0.0,6137.0,1.0,6394.0,2.0,6540.0,3.0,6562.0,4.0
18:14,5745.0,0.0,6142.0,1.0,6400.0,2.0,6547.0,3.0,6569.0,4.0
18:15,5750.0,0.0,6148.0,1.0,6406.0,2.0,6553.0,3.0,6576.0,4.0
18:16,5755.0,0.0,6153.0,1.0,6412.0,2.0,6560.0,3.0,6583.0,4.0
18:17,5760.0,0.0,6159.0,1.0,6418.0,2.0,6566.0,3.0,6590.0,4.0
18:18,5765.0,0.0,6164.0,1.0,6424.0,2.0,6573.0,3.0,6597.0,4.0
18:19,5770.0,0.0,6170.0,1.0,6430.0,2.0,6579.0,3.0,6604.0,4.0
18:20,5775.0,0.0,6175.0,1.0,6436.0,2.0,6586.0,3.0,6611.0,4.0
18:21,5780.0,0.0,6181.0,1.0,6442.0,2.0,6592.0,3.0,6618.0,4.0
18:22,5785.0,0.0,6186.0,1.0,6448.0,2.0,6599.0,3.0,6625.0,4.0
18:23,5790.0,0.0,6192.0,1.0,6454.0,2.0,6605.0,3.0,6632.0,4.0
18:24,5795.0,0.0,6197.0,1.0,6460.0,2.0,6612.0,3.0,6639.0,4.0
18:25,5800.0,0.0,6203.0,1.0,6466.0,2.0,6618.0,3.0,6646.0,4.0
18:26,5805.0,0.0,6208.0,1.0,6472.0,2.0,6625.0,3.0,6653.0,4.0
18:27,5810.0,0.0,6214.0,1.0,6478.0,2.0,6631.0,3.0,6660.0,4.0
18:28,5815.0,0.0,6219.0,1.0,6484.0,2.0,6638.0,3.0,6667.0,4.0
18:29,5820.0,0.0,6225.0,1.0,6490.0,2.0,6644.0,3.0,6674.0,4.0
18:30,5825.0,0.0,6230.0,1.0,6496.0,2.0,6651.0,3.0,6681.0,4.0
18:31,5830.0,0.0,6236.0,1.0,6502.0,2.0,6657.0,3.0,6688.0,4.0
18:32,5835.0,0.0,6241.0,1.0,6508.0,2.0,6664.0,3.0,6695.0,4.0
18:33,5840.0,0.0,6247.0,1.0,6514.0,2.0,6671.0,3.0,6702.0,4.0
18:34,5845.0,0.0,6252.0,1.0,6520.0,2.0,6677.0,3.0,6709.0,4.0
18:35,5850.0,0.0,6258.0,1.0,6526.0,2.0,6684.0,3.0,6716.0,4.0
18:36,5855.0,0.0,6263.0,1.0,6532.0,2.0,6690.0,3.0,6724.0,4.0
18:37,5860.0,0.0,6269.0,1.0,6538.0,2.0,6697.0,3.0,6731.0,4.0
18:38,5865.0,0.0,6274.0,1.0,6544.0,2.0,6703.0,3.0,6738.0,4.0
18:39,5870.0,0.0,6280.0,1.0,6550.0,2.0,6710.0,3.0,6745.0,4.0
18:40,5875.0,0.0,6285.0,1.0,6556.0,2.0,6716.0,3.0,6752.0,4.0
18:41,5880.0,0.0,6291.0,1.0,6562.0,2.0,6723.0,3.0,6759.0,4.0
18:42,5885.0,0.0,6296.0,1.0,6568.0,2.0,6729.0,3.0,6766.0,4.0
18:43,5890.0,0.0,6302.0,1.0,6574.0,2.0,6736.0,3.0,6773.0,4.0
18:44,5895.0,0.0,6307.0,1.0,6580.0,2.0,6742.0,3.0,6780.0,4.0
18:45,5900.0,0.0,6313.0,1.0,6586.0,2.0,6749.0,3.0,6787.0,4.0
18:46,5905.0,0.0,6318.0,1.0,6592.0,2.0,6755.0,3.0,6794.0,4.0
18:47,5910.0,0.0,6324.0,1.0,6598.0,2.0,6762.0,3.0,6801.0,4.0
18:48,5915.0,0.0,6329.0,1.0,6604.0,2.0,6768.0,3.0,6808.0,4.0
18:49,5920.0,0.0,6335.0,1.0,6610.0,2.0,6775.0,3.0,6815.0,4.0
18:50,5925.0,0.0,6340.0,1.0,6616.0,2.0,6781.0,3.0,6822.0,4.0
18:51,5930.0,0.0,6346.0,1.0,6622.0,2.0,6788.0,3.0,6829.0,4.0
18:52,5935.0,0.0,6351.0,1.0,6628.0,2.0,6794.0,3.0,6836.0,4.0
18:53,5940.0,0.0,6357.0,1.0,6634.0,2.0,6801.0,3.0,6843.0,4.0
18:54,5945.0,0.0,6362.0,1.0,6640.0,2.0,6807.0,3.0,6850.0,4.0
18:55,5950.0,0.0,6368.0,1.0,6646.0,2.0,6814.0,3.0,6857.0,4.0
18:56,5955.0,0.0,6373.0,1.0,6652.0,2.0,6820.0,3.0,6864.0,4.0
18:57,5960.0,0.0,6379.0,1.0,6658.0,2.0,6827.0,3.0,6871.0,4.0
18:58,5965.0,0.0,6384.0,1.0,6664.0,2.0,6833.0,3.0,6878.0,4.0
18:59,5970.0,0.0,6390.0,1.0,6670.0,2.0,6840.0,3.0,6885.0,4.0
19:00,5975.0,0.0,6395.0,1.0,6676.0,2.0,6846.0,3.0,6892.0,4.0
19:01,5980.0,0.0,6401.0,1.0,6682.0,2.0,6853.0,3.0,6899.0,4.0
19:02,5985.0,0.0,6406.0,1.0,6688.0,2.0,6859.0,3.0,6906.0,4.0
19:03,5990.0,0.0,6412.0,1.0,6694.0,2.0,6866.0,3.0,6913.0,4.0
19:04,5995.0,0.0,6417.0,1.0,6700.0,2.0,6872.0,3.0,6920.0,4.0
19:05,6000.0,0.0,6423.0,1.0,6706.0,2.0,6879.0,3.0,6927.0,4.0
19:06,6005.0,0.0,6428.0,1.0,6712.0,2.0,6885.0,3.0,6934.0,4.0
19:07,6010.0,0.0,6434.0,1.0,6718.0,2.0,6892.0,3.0,6941.0,4.0
19:08,6016.0,0.0,6439.0,1.0,6724.0,2.0,6898.0,3.0,6948.0,4.0
19:09,6021.0,0.0,6445.0,1.0,6730.0,2.0,6905.0,3.0,6955.0,4.0
19:10,6026.0,0.0,6450.0,1.0,6736.0,2.0,6911.0,3.0,6962.0,4.0
19:11,6031.0,0.0,6456.0,1.0,6742.0,2.0,6918.0,3.0,6969.0,4.0
19:12,6036.0,0.0,6461.0,1.0,6748.0,2.0,6924.0,3.0,6976.0,4.0
19:13,6041.0,0.0,6467.0,1.0,6754.0,2.0,6931.0,3.0,6983.0,4.0
19:14,6046.0,0.0,6472.0,1.0,6760.0,2.0,6937.0,3.0,6990.0,4.0
19:15,6051.0,0.0,6478.0,1.0,6766.0,2.0,6944.0,3.0,6997.0,4.0
19:16,6056.0,0.0,6483.0,1.0,6772.0,2.0,6950.0,3.0,7004.0,4.0
19:17,6061.0,0.0,6489.0,1.0,6778.0,2.0,6957.0,3.0,7011.0,4.0
19:18,6066.0,0.0,6494.0,1.0,6784.0,2.0,6963.0,3.0,7018.0,4.0
19:19,6071.0,0.0,6500.0,1.0,6790.0,2.0,6970.0,3.0,7025.0,4.0
19:20,6076.0,0.0,6505.0,1.0,6796.0,2.0,6976.0,3.0,7032.0,4.0
19:21,6081.0,0.0,6511.0,1.0,6802.0,2.0,6983.0,3.0,7039.0,4.0
19:22,6086.0,0.0,6516.0,1.0,6808.0,2.0,6989.0,3.0,7046.0,4.0
19:23,6091.0,0.0,6522.0,1.0,6814.0,2.0,6996.0,3.0,7053.0,4.0
19:24,6096.0,0.0,6527.0,1.0,6820.0,2.0,7002.0,3.0,7060.0,4.0
19:25,6101.0,0.0,6533.0,1.0,6826.0,2.0,7009.0,3.0,7067.0,4.0
19:26,6106.0,0.0,6538.0,1.0,6832.0,2.0,7015.0,3.0,7074.0,4.0
19:27,6111.0,0.0,6544.0,1.0,6838.0,2.0,7022.0,3.0,7081.0,4.0
19:28,6116.0,0.0,6549.0,1.0,6844.0,2.0,7028.0,3.0,7088.0,4.0
19:29,6121.0,0.0,6555.0,1.0,6850.0,2.0,7035.0,3.0,7095.0,4.0
19:30,6126.0,0.0,6560.0,1.0,6856.0,2.0,7041.0,3.0,7102.0,4.0
19:31,6131.0,0.0,6566.0,1.0,6862.0,2.0,7048.0,3.0,7109.0,4.0
19:32,6136.0,0.0,6571.0,1.0,6868.0,2.0,7054.0,3.0,7116.0,4.0
19:33,6141.0,0.0,6577.0,1.0,6874.0,2.0,7061.0,3.0,7123.0,4.0
19:34,6146.0,0.0,6582.0,1.0,6880.0,2.0,7067.0,3.0,7130.0,4.0
19:35,6151.0,0.0,6588.0,1.0,6886.0,2.0,7074.0,3.0,7137.0,4.0
19:36,6156.0,0.0,6593.0,1.0,6892.0,2.0,7080.0,3.0,7144.0,4.0
19:37,6161.0,0.0,6599.0,1.0,6898.0,2.0,7087.0,3.0,7151.0,4.0
19:38,6166.0,0.0,6605.0,1.0,6904.0,2.0,7093.0,3.0,7158.0,4.0
19:39,6171.0,0.0,6610.0,1.0,6910.0,2.0,7100.0,3.0,7165.0,4.0
19:40,6176.0,0.0,6616.0,1.0,6916.0,2.0,7106.0,3.0,7172.0,4.0
19:41,6181.0,0.0,6621.0,1.0,6922.0,2.0,7113.0,3.0,7179.0,4.0
19:42,6186.0,0.0,6627.0,1.0,6928.0,2.0,7119.0,3.0,7186.0,4.0
19:43,6191.0,0.0,6632.0,1.0,6934.0,2.0,7126.0,3.0,7193.0,4.0
19:44,6196.0,0.0,6638.0,1.0,6940.0,2.0,7132.0,3.0,7200.0,4.0
19:45,6201.0,0.0,6643.0,1.0,6946.0,2.0,7139.0,3.0,7207.0,4.0
19:46,6206.0,0.0,6649.0,1.0,6952.0,2.0,7145.0,3.0,7214.0,4.0
19:47,6211.0,0.0,6654.0,1.0,6958.0,2.0,7152.0,3.0,7221.0,4.0
19:48,6216.0,0.0,6660.0,1.0,6964.0,2.0,7159.0,3.0,7228.0,4.0
19:49,6221.0,0.0,6665.0,1.0,6970.0,2.0,7165.0,3.0,7235.0,4.0
19:50,6226.0,0.0,6671.0,1.0,6976.0,2.0,7172.0,3.0,7242.0,4.0
19:51,6231.0,0.0,6676.0,1.0,6982.0,2.0,7178.0,3.0,7249.0,4.0
19:52,6236.0,0.0,6682.0,1.0,6988.0,2.0,7185.0,3.0,7256.0,4.0
19:53,6241.0,0.0,6687.0,1.0,6994.0,2.0,7191.0,3.0,7263.0,4.0
19:54,6246.0,0.0,6693.0,1.0,7000.0,2.0,7198.0,3.0,7270.0,4.0
19:55,6251.0,0.0,6698.0,1.0,7006.0,2.0,7204.0,3.0,7277.0,4.0
19:56,6256.0,0.0,6704.0,1.0,7012.0,2.0,7211.0,3.0,7284.0,4.0
19:57,6261.0,0.0,6709.0,1.0,7018.0,2.0,7217.0,3.0,7291.0,4.0
19:58,6266.0,0.0,6715.0,1.0,7024.0,2.0,7224.0,3.0,7298.0,4.0
19:59,6271.0,0.0,6720.0,1.0,7030.0,2.0,7230.0,3.0,7305.0,4.0
20:00,6276.0,0.0,6726.0,1.0,7036.0,2.0,7237.0,3.0,7312.0,4.0
20:01,6281.0,0.0,6731.0,1.0,7042.0,2.0,7243.0,3.0,7319.0,4.0
20:02,6286.0,0.0,6737.0,1.0,7048.0,2.0,7250.0,3.0,7326.0,4.0
20:03,6291.0,0.0,6742.0,1.0,7054.0,2.0,7256.0,3.0,7333.0,4.0
20:04,6296.0,0.0,6748.0,1.0,7060.0,2.0,7263.0,3.0,7340.0,4.0
20:05,6301.0,0.0,6753.0,1.0,7066.0,2.0,7269.0,3.0,7347.0,4.0
20:06,6306.0,0.0,6759.0,1.0,7072.0,2.0,7276.0,3.0,7354.0,4.0
20:07,6311.0,0.0,6764.0,1.0,7078.0,2.0,7282.0,3.0,7361.0,4.0
20:08,6316.0,0.0,6770.0,1.0,7084.0,2.0,7289.0,3.0,7368.0,4.0
20:09,6321.0,0.0,6775.0,1.0,7090.0,2.0,7295.0,3.0,7375.0,4.0
20:10,6326.0,0.0,6781.0,1.0,7096.0,2.0,7302.0,3.0,7382.0,4.0
20:11,6331.0,0.0,6786.0,1.0,7102.0,2.0,7308.0,3.0,7389.0,4.0
20:12,6336.0,0.0,6792.0,1.0,7108.0,2.0,7315.0,3.0,7396.0,4.0
20:13,6341.0,0.0,6797.0,1.0,7115.0,2.0,7321.0,3.0,7403.0,4.0
20:14,6346.0,0.0,6803.0,1.0,7121.0,2.0,7328.0,3.0,7410.0,4.0
20:15,6351.0,0.0,6808.0,1.0,7127.0,2.0,7334.0,3.0,7417.0,4.0
20:16,6356.0,0.0,6814.0,1.0,7133.0,2.0,7341.0,3.0,7424.0,4.0
20:17,6361.0,0.0,6819.0,1.0,7139.0,2.0,7347.0,3.0,7431.0,4.0
20:18,6366.0,0.0,6825.0,1.0,7145.0,2.0,7354.0,3.0,7438.0,4.0
20:19,6371.0,0.0,6830.0,1.0,7151.0,2.0,7360.0,3.0,7445.0,4.0
20:20,6376.0,0.0,6836.0,1.0,7157.0,2.0,7367.0,3.0,7452.0,4.0
20:21,6381.0,0.0,6841.0,1.0,7163.0,2.0,7373.0,3.0,7459.0,4.0
20:22,6386.0,0.0,6847.0,1.0,7169.0,2.0,7380.0,3.0,7466.0,4.0
20:23,6391.0,0.0,6852.0,1.0,7175.0,2.0,7386.0,3.0,7473.0,4.0
20:24,6396.0,0.0,6858.0,1.0,7181.0,2.0,7393.0,3.0,7480.0,4.0
20:25,6401.0,0.0,6863.0,1.0,7187.0,2.0,7399.0,3.0,7487.0,4.0
20:26,6406.0,0.0,6869.0,1.0,7193.0,2.0,7406.0,3.0,7494.0,4.0
20:27,6411.0,0.0,6874.0,1.0,7199.0,2.0,7412.0,3.0,7501.0,4.0
20:28,6416.0,0.0,6880.0,1.0,7205.0,2.0,7419.0,3.0,7508.0,4.0
20:29,6421.0,0.0,6885.0,1.0,7211.0,2.0,7425.0,3.0,7515.0,4.0
20:30,6426.0,0.0,6891.0,1.0,7217.0,2.0,7432.0,3.0,7522.0,4.0
20:31,6431.0,0.0,6896.0,1.0,7223.0,2.0,7438.0,3.0,7529.0,4.0
20:32,6436.0,0.0,6902.0,1.0,7229.0,2.0,7445.0,3.0,7536.0,4.0
20:33,6441.0,0.0,6907.0,1.0,7235.0,2.0,7451.0,3.0,7543.0,4.0
20:34,6446.0,0.0,6913.0,1.0,7241.0,2.0,7458.0,3.0,7550.0,4.0
20:35,6451.0,0.0,6918.0,1.0,7247.0,2.0,7464.0,3.0,7557.0,4.0
20:36,6456.0,0.0,6924.0,1.0,7253.0,2.0,7471.0,3.0,7564.0,4.0
20:37,6461.0,0.0,6929.0,1.0,7259.0,2.0,7477.0,3.0,7571.0,4.0
20:38,6466.0,0.0,6935.0,1.0,7265.0,2.0,7484.0,3.0,7578.0,4.0
20:39,6471.0,0.0,6940.0,1.0,7271.0,2.0,7490.0,3.0,7585.0,4.0
20:40,6476.0,0.0,6946.0,1.0,7277.0,2.0,7497.0,3.0,7592.0,4.0
20:41,6481.0,0.0,6951.0,1.0,7283.0,2.0,7503.0,3.0,7599.0,4.0
20:42,6486.0,0.0,6957.0,1.0,7289.0,2.0,7510.0,3.0,7606.0,4.0
20:43,6491.0,0.0,6962.0,1.0,7295.0,2.0,7516.0,3.0,7613.0,4.0
20:44,6496.0,0.0,6968.0,1.0,7301.0,2.0,7523.0,3.0,7620.0,4.0
20:45,6501.0,0.0,6973.0,1.0,7307.0,2.0,7529.0,3.0,7627.0,4.0
20:46,6506.0,0.0,6979.0,1.0,7313.0,2.0,7536.0,3.0,7634.0,4.0
20:47,6511.0,0.0,6984.0,1.0,7319.0,2.0,7542.0,3.0,7641.0,4.0
20:48,6516.0,0.0,6990.0,1.0,7325.0,2.0,7549.0,3.0,7648.0,4.0
20:49,6521.0,0.0,6995.0,1.0,7331.0,2.0,7555.0,3.0,7655.0,4.0
20:50,6526.0,0.0,7001.0,1.0,7337.0,2.0,7562.0,3.0,7663.0,4.0
20:51,6531.0,0.0,7006.0,1.0,7343.0,2.0,7568.0,3.0,7670.0,4.0
20:52,6536.0,0.0,7012.0,1.0,7349.0,2.0,7575.0,3.0,7677.0,4.0
20:53,6541.0,0.0,7017.0,1.0,7355.0,2.0,7581.0,3.0,7684.0,4.0
20:54,6546.0,0.0,7023.0,1.0,7361.0,2.0,7588.0,3.0,7691.0,4.0
20:55,6551.0,0.0,7028.0,1.0,7367.0,2.0,7594.0,3.0,7698.0,4.0
20:56,6556.0,0.0,7034.0,1.0,7373.0,2.0,7601.0,3.0,7705.0,4.0
20:57,6561.0,0.0,7039.0,1.0,7379.0,2.0,7607.0,3.0,7712.0,4.0
20:58,6566.0,0.0,7045.0,1.0,7385.0,2.0,7614.0,3.0,7719.0,4.0
20:59,6571.0,0.0,7050.0,1.0,7391.0,2.0,7620.0,3.0,7726.0,4.0
21:00,6576.0,0.0,7056.0,1.0,7397.0,2.0,7627.0,3.0,7733.0,4.0
21:01,6581.0,0.0,7061.0,1.0,7403.0,2.0,7633.0,3.0,7740.0,4.0
21:02,6586.0,0.0,7067.0,1.0,7409.0,2.0,7640.0,3.0,7747.0,4.0
21:03,6591.0,0.0,7072.0,1.0,7415.0,2.0,7646.0,3.0,7754.0,4.0
21:04,6596.0,0.0,7078.0,1.0,7421.0,2.0,7653.0,3.0,7761.0,4.0
21:05,6601.0,0.0,7083.0,1.0,7427.0,2.0,7660.0,3.0,7768.0,4.0
21:06,6606.0,0.0,7089.0,1.0,7433.0,2.0,7666.0,3.0,7775.0,4.0
21:07,6611.0,0.0,7094.0,1.0,7439.0,2.0,7673.0,3.0,7782.0,4.0
21:08,6616.0,0.0,7100.0,1.0,7445.0,2.0,7679.0,3.0,7789.0,4.0
21:09,6621.0,0.0,7106.0,1.0,7451.0,2.0,7686.0,3.0,7796.0,4.0
21:10,6626.0,0.0,7111.0,1.0,7457.0,2.0,7692.0,3.0,7803.0,4.0
21:11,6631.0,0.0,7117.0,1.0,7463.0,2.0,7699.0,3.0,7810.0,4.0
21:12,6636.0,0.0,7122.0,1.0,7469.0,2.0,7705.0,3.0,7817.0,4.0
21:13,6641.0,0.0,7128.0,1.0,7475.0,2.0,7712.0,3.0,7824.0,4.0
21:14,6646.0,0.0,7133.0,1.0,7481.0,2.0,7718.0,3.0,7831.0,4.0
21:15,6651.0,0.0,7139.0,1.0,7487.0,2.0,7725.0,3.0,7838.0,4.0
21:16,6656.0,0.0,7144.0,1.0,7493.0,2.0,7731.0,3.0,7845.0,4.0
21:17,6661.0,0.0,7150.0,1.0,7499.0,2.0,7738.0,3.0,7852.0,4.0
21:18,6666.0,0.0,7155.0,1.0,7505.0,2.0,7744.0,3.0,7859.0,4.0
21:19,6671.0,0.0,7161.0,1.0,7511.0,2.0,7751.0,3.0,7866.0,4.0
21:20,6676.0,0.0,7166.0,1.0,7517.0,2.0,7757.0,3.0,7873.0,4.0
21:21,6681.0,0.0,7172.0,1.0,7523.0,2.0,7764.0,3.0,7880.0,4.0
21:22,6686.0,0.0,7177.0,1.0,7529.0,2.0,7770.0,3.0,7887.0,4.0
21:23,6691.0,0.0,7183.0,1.0,7535.0,2.0,7777.0,3.0,7894.0,4.0
21:24,6696.0,0.0,7188.0,1.0,7541.0,2.0,7783.0,3.0,7901.0,4.0
21:25,6701.0,0.0,7194.0,1.0,7547.0,2.0,7790.0,3.0,7908.0,4.0
21:26,6706.0,0.0,7199.0,1.0,7553.0,2.0,7796.0,3.0,7915.0,4.0
21:27,6711.0,0.0,7205.0,1.0,7559.0,2.0,7803.0,3.0,7922.0,4.0
21:28,6716.0,0.0,7210.0,1.0,7565.0,2.0,7809.0,3.0,7929.0,4.0
21:29,6721.0,0.0,7216.0,1.0,7571.0,2.0,7816.0,3.0,7936.0,4.0
21:30,6726.0,0.0,7221.0,1.0,7577.0,2.0,7822.0,3.0,7943.0,4.0
21:31,6731.0,0.0,7227.0,1.0,7583.0,2.0,7829.0,3.0,7950.0,4.0
21:32,6736.0,0.0,7232.0,1.0,7589.0,2.0,7835.0,3.0,7957.0,4.0
21:33,6741.0,0.0,7238.0,1.0,7595.0,2.0,7842.0,3.0,7964.0,4.0
21:34,6746.0,0.0,7243.0,1.0,7601.0,2.0,7848.0,3.0,7971.0,4.0
21:35,6751.0,0.0,7249.0,1.0,7607.0,2.0,7855.0,3.0,7978.0,4.0
21:36,6756.0,0.0,7254.0,1.0,7613.0,2.0,7861.0,3.0,7985.0,4.0
21:37,6761.0,0.0,7260.0,1.0,7619.0,2.0,7868.0,3.0,7992.0,4.0
21:38,6766.0,0.0,7265.0,1.0,7625.0,2.0,7874.0,3.0,7999.0,4.0
21:39,6771.0,0.0,7271.0,1.0,7631.0,2.0,7881.0,3.0,8006.0,4.0
21:40,6776.0,0.0,7276.0,1.0,7637.0,2.0,7887.0,3.0,8013.0,4.0
21:41,6781.0,0.0,7282.0,1.0,7643.0,2.0,7894.0,3.0,8020.0,4.0
21:42,6786.0,0.0,7287.0,1.0,7649.0,2.0,7900.0,3.0,8027.0,4.0
21:43,6791.0,0.0,7293.0,1.0,7655.0,2.0,7907.0,3.0,8034.0,4.0
21:44,6796.0,0.0,7298.0,1.0,7661.0,2.0,7913.0,3.0,8041.0,4.0
21:45,6801.0,0.0,7304.0,1.0,7667.0,2.0,7920.0,3.0,8048.0,4.0
21:46,6806.0,0.0,7309.0,1.0,7673.0,2.0,7926.0,3.0,8055.0,4.0
21:47,6811.0,0.0,7315.0,1.0,7679.0,2.0,7933.0,3.0,8062.0,4.0
21:48,6816.0,0.0,7320.0,1.0,7685.0,2.0,7939.0,3.0,8069.0,4.0
21:49,6821.0,0.0,7326.0,1.0,7691.0,2.0,7946.0,3.0,8076.0,4.0
21:50,6826.0,0.0,7331.0,1.0,7697.0,2.0,7952.0,3.0,8083.0,4.0
21:51,6831.0,0.0,7337.0,1.0,7703.0,2.0,7959.0,3.0,8090.0,4.0
21:52,6836.0,0.0,7342.0,1.0,7709.0,2.0,7965.0,3.0,8097.0,4.0
21:53,6841.0,0.0,7348.0,1.0,7715.0,2.0,7972.0,3.0,8104.0,4.0
21:54,6846.0,0.0,7353.0,1.0,7721.0,2.0,7978.0,3.0,8111.0,4.0
21:55,6851.0,0.0,7359.0,1.0,7727.0,2.0,7985.0,3.0,8118.0,4.0
21:56,6856.0,0.0,7364.0,1.0,7733.0,2.0,7991.0,3.0,8125.0,4.0
21:57,6861.0,0.0,7370.0,1.0,7739.0,2.0,7998.0,3.0,8132.0,4.0
21:58,6866.0,0.0,7375.0,1.0,7745.0,2.0,8004.0,3.0,8139.0,4.0
21:59,6871.0,0.0,7381.0,1.0,7751.0,2.0,8011.0,3.0,8146.0,4.0
22:00,6876.0,0.0,7386.0,1.0,7757.0,2.0,8017.0,3.0,8153.0,4.0
22:01,6881.0,0.0,7392.0,1.0,7763.0,2.0,8024.0,3.0,8160.0,4.0
22:02,6886.0,0.0,7397.0,1.0,7769.0,2.0,8030.0,3.0,8167.0,4.0
22:03,6891.0,0.0,7403.0,1.0,7775.0,2.0,8037.0,3.0,8174.0,4.0
22:04,6896.0,0.0,7408.0,1.0,7781.0,2.0,8043.0,3.0,8181.0,4.0
22:05,6901.0,0.0,7414.0,1.0,7787.0,2.0,8050.0,3.0,8188.0,4.0
22:06,6906.0,0.0,7419.0,1.0,7793.0,2.0,8056.0,3.0,8195.0,4.0
22:07,6911.0,0.0,7425.0,1.0,7799.0,2.0,8063.0,3.0,8202.0,4.0
22:08,6916.0,0.0,7430.0,1.0,7805.0,2.0,8069.0,3.0,8209.0,4.0
22:09,6921.0,0.0,7436.0,1.0,7811.0,2.0,8076.0,3.0,8216.0,4.0
22:10,6926.0,0.0,7441.0,1.0,7817.0,2.0,8082.0,3.0,8223.0,4.0
22:11,6931.0,0.0,7447.0,1.0,7823.0,2.0,8089.0,3.0,8230.0,4.0
22:12,6936.0,0.0,7452.0,1.0,7829.0,2.0,8095.0,3.0,8237.0,4.0
22:13,6941.0,0.0,7458.0,1.0,7835.0,2.0,8102.0,3.0,8244.0,4.0
22:14,6946.0,0.0,7463.0,1.0,7841.0,2.0,8108.0,3.0,8251.0,4.0
22:15,6952.0,0.0,7469.0,1.0,7847.0,2.0,8115.0,3.0,8258.0,4.0
22:16,6957.0,0.0,7474.0,1.0,7853.0,2.0,8121.0,3.0,8265.0,4.0
22:17,6962.0,0.0,7480.0,1.0,7859.0,2.0,8128.0,3.0,8272.0,4.0
22:18,6967.0,0.0,7485.0,1.0,7865.0,2.0,8135.0,3.0,8279.0,4.0
22:19,6972.0,0.0,7491.0,1.0,7871.0,2.0,8141.0,3.0,8286.0,4.0
22:20,6977.0,0.0,7496.0,1.0,7877.0,2.0,8148.0,3.0,8293.0,4.0
22:21,6982.0,0.0,7502.0,1.0,7883.0,2.0,8154.0,3.0,8300.0,4.0
22:22,6987.0,0.0,7507.0,1.0,7889.0,2.0,8161.0,3.0,8307.0,4.0
22:23,6992.0,0.0,7513.0,1.0,7895.0,2.0,8167.0,3.0,8314.0,4.0
22:24,6997.0,0.0,7518.0,1.0,7901.0,2.0,8174.0,3.0,8321.0,4.0
22:25,7002.0,0.0,7524.0,1.0,7907.0,2.0,8180.0,3.0,8328.0,4.0
22:26,7007.0,0.0,7529.0,1.0,7913.0,2.0,8187.0,3.0,8335.0,4.0
22:27,7012.0,0.0,7535.0,1.0,7919.0,2.0,8193.0,3.0,8342.0,4.0
22:28,7017.0,0.0,7540.0,1.0,7925.0,2.0,8200.0,3.0,8349.0,4.0
22:29,7022.0,0.0,7546.0,1.0,7931.0,2.0,8206.0,3.0,8356.0,4.0
22:30,7027.0,0.0,7551.0,1.0,7937.0,2.0,8213.0,3.0,8363.0,4.0
22:31,7032.0,0.0,7557.0,1.0,7943.0,2.0,8219.0,3.0,8370.0,4.0
22:32,7037.0,0.0,7562.0,1.0,7949.0,2.0,8226.0,3.0,8377.0,4.0
22:33,7042.0,0.0,7568.0,1.0,7955.0,2.0,8232.0,3.0,8384.0,4.0
22:34,7047.0,0.0,7573.0,1.0,7961.0,2.0,8239.0,3.0,8391.0,4.0
22:35,7052.0,0.0,7579.0,1.0,7967.0,2.0,8245.0,3.0,8398.0,4.0
22:36,7057.0,0.0,7584.0,1.0,7973.0,2.0,8252.0,3.0,8405.0,4.0
22:37,7062.0,0.0,7590.0,1.0,7979.0,2.0,8258.0,3.0,8412.0,4.0
22:38,7067.0,0.0,7596.0,1.0,7985.0,2.0,8265.0,3.0,8419.0,4.0
22:39,7072.0,0.0,7601.0,1.0,7991.0,2.0,8271.0,3.0,8426.0,4.0
22:40,7077.0,0.0,7607.0,1.0,7997.0,2.0,8278.0,3.0,8433.0,4.0
22:41,7082.0,0.0,7612.0,1.0,8003.0,2.0,8284.0,3.0,8440.0,4.0
22:42,7087.0,0.0,7618.0,1.0,8009.0,2.0,8291.0,3.0,8447.0,4.0
22:43,7092.0,0.0,7623.0,1.0,8015.0,2.0,8297.0,3.0,8454.0,4.0
22:44,7097.0,0.0,7629.0,1.0,8021.0,2.0,8304.0,3.0,8461.0,4.0
22:45,7102.0,0.0,7634.0,1.0,8027.0,2.0,8310.0,3.0,8468.0,4.0
22:46,7107.0,0.0,7640.0,1.0,8033.0,2.0,8317.0,3.0,8475.0,4.0
22:47,7112.0,0.0,7645.0,1.0,8039.0,2.0,8323.0,3.0,8482.0,4.0
22:48,7117.0,0.0,7651.0,1.0,8045.0,2.0,8330.0,3.0,8489.0,4.0
22:49,7122.0,0.0,7656.0,1.0,8051.0,2.0,8336.0,3.0,8496.0,4.0
22:50,7127.0,0.0,7662.0,1.0,8057.0,2.0,8343.0,3.0,8503.0,4.0
22:51,7132.0,0.0,7667.0,1.0,8064.0,2.0,8349.0,3.0,8510.0,4.0
22:52,7137.0,0.0,7673.0,1.0,8070.0,2.0,8356.0,3.0,8517.0,4.0
22:53,7142.0,0.0,7678.0,1.0,8076.0,2.0,8362.0,3.0,8524.0,4.0
22:54,7147.0,0.0,7684.0,1.0,8082.0,2.0,8369.0,3.0,8531.0,4.0
22:55,7152.0,0.0,7689.0,1.0,8088.0,2.0,8375.0,3.0,8538.0,4.0
22:56,7157.0,0.0,7695.0,1.0,8094.0,2.0,8382.0,3.0,8545.0,4.0
22:57,7162.0,0.0,7700.0,1.0,8100.0,2.0,8388.0,3.0,8552.0,4.0
22:58,7167.0,0.0,7706.0,1.0,8106.0,2.0,8395.0,3.0,8559.0,4.0
22:59,7172.0,0.0,7711.0,1.0,8112.0,2.0,8401.0,3.0,8566.0,4.0
23:00,7177.0,0.0,7717.0,1.0,8118.0,2.0,8408.0,3.0,8573.0,4.0
23:01,7182.0,0.0,7722.0,1.0,8124.0,2.0,8414.0,3.0,8580.0,4.0
23:02,7187.0,0.0,7728.0,1.0,8130.0,2.0,8421.0,3.0,8587.0,4.0
23:03,7192.0,0.0,7733.0,1.0,8136.0,2.0,8427.0,3.0,8594.0,4.0
23:04,7197.0,0.0,7739.0,1.0,8142.0,2.0,8434.0,3.0,8602.0,4.0
23:05,7202.0,0.0,7744.0,1.0,8148.0,2.0,8440.0,3.0,8609.0,4.0
23:06,7207.0,0.0,7750.0,1.0,8154.0,2.0,8447.0,3.0,8616.0,4.0
23:07,7212.0,0.0,7755.0,1.0,8160.0,2.0,8453.0,3.0,8623.0,4.0
23:08,7217.0,0.0,7761.0,1.0,8166.0,2.0,8460.0,3.0,8630.0,4.0
23:09,7222.0,0.0,7766.0,1.0,8172.0,2.0,8466.0,3.0,8637.0,4.0
23:10,7227.0,0.0,7772.0,1.0,8178.0,2.0,8473.0,3.0,8644.0,4.0
23:11,7232.0,0.0,7777.0,1.0,8184.0,2.0,8479.0,3.0,8651.0,4.0
23:12,7237.0,0.0,7783.0,1.0,8190.0,2.0,8486.0,3.0,8658.0,4.0
23:13,7242.0,0.0,7788.0,1.0,8196.0,2.0,8492.0,3.0,8665.0,4.0
23:14,7247.0,0.0,7794.0,1.0,8202.0,2.0,8499.0,3.0,8672.0,4.0
23:15,7252.0,0.0,7799.0,1.0,8208.0,2.0,8505.0,3.0,8679.0,4.0
23:16,7257.0,0.0,7805.0,1.0,8214.0,2.0,8512.0,3.0,8686.0,4.0
23:17,7262.0,0.0,7810.0,1.0,8220.0,2.0,8518.0,3.0,8693.0,4.0
23:18,7267.0,0.0,7816.0,1.0,8226.0,2.0,8525.0,3.0,8700.0,4.0
23:19,7272.0,0.0,7821.0,1.0,8232.0,2.0,8531.0,3.0,8707.0,4.0
23:20,7277.0,0.0,7827.0,1.0,8238.0,2.0,8538.0,3.0,8714.0,4.0
23:21,7282.0,0.0,7832.0,1.0,8244.0,2.0,8544.0,3.0,8721.0,4.0
23:22,7287.0,0.0,7838.0,1.0,8250.0,2.0,8551.0,3.0,8728.0,4.0
23:23,7292.0,0.0,7843.0,1.0,8256.0,2.0,8557.0,3.0,8735.0,4.0
23:24,7297.0,0.0,7849.0,1.0,8262.0,2.0,8564.0,3.0,8742.0,4.0
23:25,7302.0,0.0,7854.0,1.0,8268.0,2.0,8570.0,3.0,8749.0,4.0
23:26,7307.0,0.0,7860.0,1.0,8274.0,2.0,8577.0,3.0,8756.0,4.0
23:27,7312.0,0.0,7865.0,1.0,8280.0,2.0,8583.0,3.0,8763.0,4.0
23:28,7317.0,0.0,7871.0,1.0,8286.0,2.0,8590.0,3.0,8770.0,4.0
23:29,7322.0,0.0,7876.0,1.0,8292.0,2.0,8596.0,3.0,8777.0,4.0
23:30,7327.0,0.0,7882.0,1.0,8298.0,2.0,8603.0,3.0,8784.0,4.0
23:31,7332.0,0.0,7887.0,1.0,8304.0,2.0,8609.0,3.0,8791.0,4.0
23:32,7337.0,0.0,7893.0,1.0,8310.0,2.0,8616.0,3.0,8798.0,4.0
23:33,7342.0,0.0,7898.0,1.0,8316.0,2.0,8622.0,3.0,8805.0,4.0
23:34,7347.0,0.0,7904.0,1.0,8322.0,2.0,8629.0,3.0,8812.0,4.0
23:35,7352.0,0.0,7909.0,1.0,8328.0,2.0,8636.0,3.0,8819.0,4.0
23:36,7357.0,0.0,7915.0,1.0,8334.0,2.0,8642.0,3.0,8826.0,4.0
23:37,7362.0,0.0,7920.0,1.0,8340.0,2.0,8649.0,3.0,8833.0,4.0
23:38,7367.0,0.0,7926.0,1.0,8346.0,2.0,8655.0,3.0,8840.0,4.0
23:39,7372.0,0.0,7931.0,1.0,8352.0,2.0,8662.0,3.0,8847.0,4.0
23:40,7377.0,0.0,7937.0,1.0,8358.0,2.0,8668.0,3.0,8854.0,4.0
23:41,7382.0,0.0,7942.0,1.0,8364.0,2.0,8675.0,3.0,8861.0,4.0
23:42,7387.0,0.0,7948.0,1.0,8370.0,2.0,8681.0,3.0,8868.0,4.0
23:43,7392.0,0.0,7953.0,1.0,8376.0,2.0,8688.0,3.0,8875.0,4.0
23:44,7397.0,0.0,7959.0,1.0,8382.0,2.0,8694.0,3.0,8882.0,4.0
23:45,7402.0,0.0,7964.0,1.0,8388.0,2.0,8701.0,3.0,8889.0,4.0
23:46,7407.0,0.0,7970.0,1.0,8394.0,2.0,8707.0,3.0,8896.0,4.0
23:47,7412.0,0.0,7975.0,1.0,8400.0,2.0,8714.0,3.0,8903.0,4.0
23:48,7417.0,0.0,7981.0,1.0,8406.0,2.0,8720.0,3.0,8910.0,4.0
23:49,7422.0,0.0,7986.0,1.0,8412.0,2.0,8727.0,3.0,8917.0,4.0
23:50,7427.0,0.0,7992.0,1.0,8418.0,2.0,8733.0,3.0,8924.0,4.0
23:51,7432.0,0.0,7997.0,1.0,8424.0,2.0,8740.0,3.0,8931.0,4.0
23:52,7437.0,0.0,8003.0,1.0,8430.0,2.0,8746.0,3.0,8938.0,4.0
23:53,7442.0,0.0,8008.0,1.0,8436.0,2.0,8753.0,3.0,8945.0,4.0
23:54,7447.0,0.0,8014.0,1.0,8442.0,2.0,8759.0,3.0,8952.0,4.0
23:55,7452.0,0.0,8019.0,1.0,8448.0,2.0,8766.0,3.0,8959.0,4.0
23:56,7457.0,0.0,8025.0,1.0,8454.0,2.0,8772.0,3.0,8966.0,4.0
23:57,7462.0,0.0,8030.0,1.0,8460.0,2.0,8779.0,3.0,8973.0,4.0
23:58,7467.0,0.0,8036.0,1.0,8466.0,2.0,8785.0,3.0,8980.0,4.0
23:59,7472.0,0.0,8041.0,1.0,8472.0,2.0,8792.0,3.0,8987.0,4.0
24:00,7477.0,0.0,8047.0,1.0,8478.0,2.0,8798.0,3.0,8994.0,4.0
24:01,7482.0,0.0,8052.0,1.0,8484.0,2.0,8805.0,3.0,9001.0,4.0
24:02,7487.0,0.0,8058.0,1.0,8490.0,2.0,8811.0,3.0,9008.0,4.0
24:03,7492.0,0.0,8063.0,1.0,8496.0,2.0,8818.0,3.0,9015.0,4.0
24:04,7497.0,0.0,8069.0,1.0,8502.0,2.0,8824.0,3.0,9022.0,4.0
24:05,7502.0,0.0,8074.0,1.0,8508.0,2.0,8831.0,3.0,9029.0,4.0
24:06,7507.0,0.0,8080.0,1.0,8514.0,2.0,8837.0,3.0,9036.0,4.0
24:07,7512.0,0.0,8085.0,1.0,8520.0,2.0,8844.0,3.0,9043.0,4.0
24:08,7517.0,0.0,8091.0,1.0,8526.0,2.0,8850.0,3.0,9050.0,4.0
24:09,7522.0,0.0,8097.0,1.0,8532.0,2.0,8857.0,3.0,9057.0,4.0
24:10,7527.0,0.0,8102.0,1.0,8538.0,2.0,8863.0,3.0,9064.0,4.0
24:11,7532.0,0.0,8108.0,1.0,8544.0,2.0,8870.0,3.0,9071.0,4.0
24:12,7537.0,0.0,8113.0,1.0,8550.0,2.0,8876.0,3.0,9078.0,4.0
24:13,7542.0,0.0,8119.0,1.0,8556.0,2.0,8883.0,3.0,9085.0,4.0
24:14,7547.0,0.0,8124.0,1.0,8562.0,2.0,8889.0,3.0,9092.0,4.0
24:15,7552.0,0.0,8130.0,1.0,8568.0,2.0,8896.0,3.0,9099.0,4.0
24:16,7557.0,0.0,8135.0,1.0,8574.0,2.0,8902.0,3.0,9106.0,4.0
24:17,7562.0,0.0,8141.0,1.0,8580.0,2.0,8909.0,3.0,9113.0,4.0
24:18,7567.0,0.0,8146.0,1.0,8586.0,2.0,8915.0,3.0,9120.0,4.0
24:19,7572.0,0.0,8152.0,1.0,8592.0,2.0,8922.0,3.0,9127.0,4.0
24:20,7577.0,0.0,8157.0,1.0,8598.0,2.0,8928.0,3.0,9134.0,4.0
24:21,7582.0,0.0,8163.0,1.0,8604.0,2.0,8935.0,3.0,9141.0,4.0
24:22,7587.0,0.0,8168.0,1.0,8610.0,2.0,8941.0,3.0,9148.0,4.0
24:23,7592.0,0.0,8174.0,1.0,8616.0,2.0,8948.0,3.0,9155.0,4.0
24:24,7597.0,0.0,8179.0,1.0,8622.0,2.0,8954.0,3.0,9162.0,4.0
24:25,7602.0,0.0,8185.0,1.0,8628.0,2.0,8961.0,3.0,9169.0,4.0
24:26,7607.0,0.0,8190.0,1.0,8634.0,2.0,8967.0,3.0,9176.0,4.0
24:27,7612.0,0.0,8196.0,1.0,8640.0,2.0,8974.0,3.0,9183.0,4.0
24:28,7617.0,0.0,8201.0,1.0,8646.0,2.0,8980.0,3.0,9190.0,4.0
24:29,7622.0,0.0,8207.0,1.0,8652.0,2.0,8987.0,3.0,9197.0,4.0
24:30,7627.0,0.0,8212.0,1.0,8658.0,2.0,8993.0,3.0,9204.0,4.0
24:31,7632.0,0.0,8218.0,1.0,8664.0,2.0,9000.0,3.0,9211.0,4.0
24:32,7637.0,0.0,8223.0,1.0,8670.0,2.0,9006.0,3.0,9218.0,4.0
24:33,7642.0,0.0,8229.0,1.0,8676.0,2.0,9013.0,3.0,9225.0,4.0
24:34,7647.0,0.0,8234.0,1.0,8682.0,2.0,9019.0,3.0,9232.0,4.0
24:35,7652.0,0.0,8240.0,1.0,8688.0,2.0,9026.0,3.0,9239.0,4.0
24:36,7657.0,0.0,8245.0,1.0,8694.0,2.0,9032.0,3.0,9246.0,4.0
24:37,7662.0,0.0,8251.0,1.0,8700.0,2.0,9039.0,3.0,9253.0,4.0
24:38,7667.0,0.0,8256.0,1.0,8706.0,2.0,9045.0,3.0,9260.0,4.0
24:39,7672.0,0.0,8262.0,1.0,8712.0,2.0,9052.0,3.0,9267.0,4.0
24:40,7677.0,0.0,8267.0,1.0,8718.0,2.0,9058.0,3.0,9274.0,4.0
24:41,7682.0,0.0,8273.0,1.0,8724.0,2.0,9065.0,3.0,9281.0,4.0
24:42,7687.0,0.0,8278.0,1.0,8730.0,2.0,9071.0,3.0,9288.0,4.0
24:43,7692.0,0.0,8284.0,1.0,8736.0,2.0,9078.0,3.0,9295.0,4.0
24:44,7697.0,0.0,8289.0,1.0,8742.0,2.0,9084.0,3.0,9302.0,4.0
24:45,7702.0,0.0,8295.0,1.0,8748.0,2.0,9091.0,3.0,9309.0,4.0
24:46,7707.0,0.0,8300.0,1.0,8754.0,2.0,9097.0,3.0,9316.0,4.0
24:47,7712.0,0.0,8306.0,1.0,8760.0,2.0,9104.0,3.0,9323.0,4.0
24:48,7717.0,0.0,8311.0,1.0,8766.0,2.0,9111.0,3.0,9330.0,4.0
24:49,7722.0,0.0,8317.0,1.0,8772.0,2.0,9117.0,3.0,9337.0,4.0
24:50,7727.0,0.0,8322.0,1.0,8778.0,2.0,9124.0,3.0,9344.0,4.0
24:51,7732.0,0.0,8328.0,1.0,8784.0,2.0,9130.0,3.0,9351.0,4.0
24:52,7737.0,0.0,8333.0,1.0,8790.0,2.0,9137.0,3.0,9358.0,4.0
24:53,7742.0,0.0,8339.0,1.0,8796.0,2.0,9143.0,3.0,9365.0,4.0
24:54,7747.0,0.0,8344.0,1.0,8802.0,2.0,9150.0,3.0,9372.0,4.0
24:55,7752.0,0.0,8350.0,1.0,8808.0,2.0,9156.0,3.0,9379.0,4.0
24:56,7757.0,0.0,8355.0,1.0,8814.0,2.0,9163.0,3.0,9386.0,4.0
24:57,7762.0,0.0,8361.0,1.0,8820.0,2.0,9169.0,3.0,9393.0,4.0
24:58,7767.0,0.0,8366.0,1.0,8826.0,2.0,9176.0,3.0,9400.0,4.0
24:59,7772.0,0.0,8372.0,1.0,8832.0,2.0,9182.0,3.0,9407.0,4.0
